{"type": "FeatureCollection", "features": [{"type": "Feature", "id": "pacific_power--Columbia", "properties": {"id": "pacific_power", "name": "Pacific Power (PacifiCorp)", "type": "iou", "county": "Columbia", "approximate": true, "center": [46.6016, -120.5108], "label_at": [46.3165, -117.926]}, "geometry": {"type": "Polygon", "coordinates": [[[-118.22894203227784, 46.593275706533674], [-118.21564389142077, 46.58891077936523], [-118.17255194928104, 46.55694723236166], [-117.85192436525396, 46.624665225962474], [-117.86326075919968, 46.47093522435998], [-117.73733758067641, 46.47134377281179], [-117.67511285892047, 46.33762822456908], [-117.61182689635999, 46.33837398865666], [-117.6032253118755, 45.99894803857966], [-117.996849187054, 46.00084686973221], [-117.99129224378918, 46.20784276286768], [-118.1164036133665, 46.20794580249154], [-118.11613923280439, 46.295454767426264], [-118.24158936074436, 46.29520188035925], [-118.22894203227784, 46.593275706533674]]]}}, {"type": "Feature", "id": "franklin_pud--Franklin", "properties": {"id": "franklin_pud", "name": "Franklin PUD", "type": "pud", "county": "Franklin", "approximate": true, "center": [46.2307, -119.0921], "label_at": [46.4389, -118.9738]}, "geometry": {"type": "Polygon", "coordinates": [[[-119.2582922227034, 46.489456912528674], [-119.40856358078874, 46.63604619532927], [-118.68670320652745, 46.635963462340854], [-118.68674320803042, 46.38837102635003], [-118.74619881308362, 46.35951181876271], [-118.77728344015065, 46.29016646679957], [-118.97282687356349, 46.23870471934462], [-119.0414021687198, 46.19288364235982], [-119.268882523574, 46.277975258436655], [-119.2582922227034, 46.489456912528674]]]}}, {"type": "Feature", "id": "pse--Franklin", "properties": {"id": "pse", "name": "Puget Sound Energy", "type": "iou", "county": "Franklin", "approximate": true, "center": [47.6144, -122.1923], "label_at": [46.5468, -118.6139]}, "geometry": {"type": "Polygon", "coordinates": [[[-119.40883236827646, 46.6361054054054], [-119.45290637008685, 46.679113280859035], [-119.36893923719832, 46.67820423833888], [-119.36920539647126, 46.7376952329168], [-118.21292526283834, 46.73875645899747], [-118.2491217178364, 46.734137802196095], [-118.21580838820914, 46.58903244176635], [-118.22893310117072, 46.593606076776716], [-118.45263692852438, 46.59697272061018], [-118.61559180273957, 46.504542857137764], [-118.63382750555722, 46.414061817836604], [-118.68648132134345, 46.388496198197736], [-118.68669482449938, 46.63610517550061], [-119.40883236827646, 46.6361054054054]]]}}, {"type": "Feature", "id": "centralia_city_light--Lewis", "properties": {"id": "centralia_city_light", "name": "Centralia City Light", "type": "municipal", "county": "Lewis", "approximate": true, "center": [46.7204, -122.9614], "label_at": [46.7243, -122.9602]}, "geometry": {"type": "Polygon", "coordinates": [[[-123.01982990048295, 46.735329990795435], [-123.01436621681613, 46.73542422011697], [-123.0141513862906, 46.74390319204428], [-123.0032332663457, 46.74600560265203], [-123.00692776516553, 46.73849323018561], [-122.99862682557148, 46.74061973610206], [-122.99852276902399, 46.73549922913627], [-122.9922422237133, 46.73547122800231], [-122.99240520350547, 46.73929323686927], [-122.98869055842232, 46.73921550610708], [-122.98861775992273, 46.736131235375105], [-122.98590023139208, 46.735943249310175], [-122.98575282365154, 46.74021598031976], [-122.98158474268686, 46.74135727134406], [-122.97436208378257, 46.73541741436552], [-122.97747975843909, 46.73510474448327], [-122.97647470826963, 46.732085212055686], [-122.96942610215966, 46.729414203131924], [-122.96028507098688, 46.73229213066448], [-122.95548600911512, 46.729798885099584], [-122.95390323471361, 46.73390077244463], [-122.95775801442095, 46.73441859253333], [-122.95588821859816, 46.73655076901282], [-122.95902856644115, 46.73610340064327], [-122.96212998371307, 46.74244735728693], [-122.9595287129507, 46.74617576573305], [-122.9540112241006, 46.7460812194047], [-122.94713296028746, 46.75661771965877], [-122.94505068245687, 46.75597085996782], [-122.94504742486066, 46.74261569018214], [-122.952378568333, 46.74248816662342], [-122.95090311519952, 46.73905148840867], [-122.95248877596326, 46.73536572634217], [-122.9489400132267, 46.734060478321545], [-122.94892184306072, 46.738310948543614], [-122.94287740269857, 46.7388489611208], [-122.9453708585522, 46.733554224446216], [-122.93805539337598, 46.73264135447834], [-122.93558308849195, 46.73518734871763], [-122.9312115877763, 46.73515128754054], [-122.93318087473052, 46.727865752742716], [-122.93671536835971, 46.728721366672914], [-122.93975777061941, 46.7254856298304], [-122.93195186257849, 46.72594051877437], [-122.92400031035805, 46.720393802672966], [-122.92399985434082, 46.717019307751265], [-122.93431780652847, 46.716847780442954], [-122.93316287046324, 46.71138415979938], [-122.94222192029844, 46.713237170551515], [-122.94270329203216, 46.70964846969314], [-122.95009817178045, 46.70957557363252], [-122.95017054352748, 46.70599135277342], [-122.95471976616166, 46.70597376280798], [-122.95281876971531, 46.70193123011173], [-122.9498707404391, 46.7017451043099], [-122.9501916364389, 46.69157866752831], [-122.9526653792416, 46.69166301557279], [-122.95271192627165, 46.69485597880961], [-122.95718976056683, 46.69446476123475], [-122.95732163766093, 46.69177521263999], [-122.96855265688279, 46.69228566960673], [-122.96765136414074, 46.69890012750202], [-122.96408115925466, 46.698979226969165], [-122.96324324185274, 46.705307768331785], [-122.97072637075638, 46.7042816203269], [-122.97616909993258, 46.71000476095602], [-122.98145386260731, 46.70969176584211], [-122.98194581403791, 46.70617328491371], [-122.98859780014824, 46.70654622227392], [-122.99305801014029, 46.7101829443886], [-122.998438433077, 46.70646026928096], [-123.0034189743153, 46.70637451182061], [-123.00361722928393, 46.71001576470782], [-123.0087550898231, 46.7100409120396], [-123.00756698246364, 46.71737913803725], [-122.98726127044479, 46.71820212823228], [-122.98734114205989, 46.72395595070153], [-122.99085074503859, 46.72317635754176], [-122.99058322600898, 46.72615077513956], [-122.99591400697197, 46.72725989945526], [-122.99324522548407, 46.7335037768734], [-123.00643076954437, 46.732023768005966], [-123.00734988633315, 46.72614961518272], [-123.00901276531964, 46.72706459533591], [-123.00904806375927, 46.72383890771067], [-123.01305269398704, 46.722841126230556], [-123.01532726562326, 46.72503936317908], [-123.01205720761602, 46.72449487392082], [-123.01616404856047, 46.72586567371377], [-123.01982990048295, 46.735329990795435]], [[-122.94502676565851, 46.72404776846991], [-122.94500377221051, 46.72042023016801], [-122.93706820889983, 46.72039421730447], [-122.93707822693308, 46.723046771050655], [-122.94502676565851, 46.72404776846991]], [[-122.98170075972261, 46.71788187470872], [-122.98165177991389, 46.71437722060446], [-122.97759316073069, 46.71365124200737], [-122.9778195442537, 46.71786146184872], [-122.98170075972261, 46.71788187470872]]]}}, {"type": "Feature", "id": "pse--Lewis", "properties": {"id": "pse", "name": "Puget Sound Energy", "type": "iou", "county": "Lewis", "approximate": true, "center": [47.6144, -122.1923], "label_at": [46.6125, -122.3864]}, "geometry": {"type": "Polygon", "coordinates": [[[-123.16090876495862, 46.76433023204624], [-122.20272969515331, 46.76262801544493], [-121.83259007489458, 46.729721268467244], [-121.75889657842947, 46.78373289035679], [-121.45641801650581, 46.783743997950445], [-121.35238292528882, 46.712301120574054], [-121.45119372907594, 46.53353699715409], [-121.38683096411793, 46.410556245534934], [-121.5235719687516, 46.38822095882364], [-122.24180633374763, 46.385292342451756], [-123.09130373818199, 46.387928996083595], [-123.35814488296843, 46.384250561761114], [-123.3707475003609, 46.79234126469951], [-123.16076597732742, 46.79338630393835], [-123.16090876495862, 46.76433023204624]], [[-123.01988876219447, 46.73564472540606], [-123.01286187348772, 46.72282540160144], [-123.00898623765592, 46.72370232848982], [-123.00890172135847, 46.72689310709447], [-123.00731820195365, 46.72565161646542], [-123.00632490919858, 46.73199975231995], [-122.99332163774648, 46.73346775759791], [-122.99592976394179, 46.72713723323126], [-122.99065497783347, 46.726106838403794], [-122.9909737710081, 46.72316122985816], [-122.98739946000848, 46.72389644608075], [-122.9873095962481, 46.7182027493286], [-123.00769476220262, 46.71742072850414], [-123.00877777020399, 46.70993423533166], [-123.00370617875224, 46.7099806071742], [-123.00358077064068, 46.70636823543503], [-122.99829723165877, 46.70645422510472], [-122.99285780005889, 46.710180713070564], [-122.98873976872305, 46.706538229637225], [-122.98174499907756, 46.70617007978824], [-122.98144563499345, 46.709658404475455], [-122.97624361087095, 46.71000071868048], [-122.97086677139416, 46.70427522445563], [-122.96336937167679, 46.70529405168511], [-122.96404091526173, 46.69909792868112], [-122.96763379041968, 46.699030749423294], [-122.96874371697483, 46.69228523597557], [-122.95715524202537, 46.69176824355132], [-122.95709822554367, 46.6944293862605], [-122.95290806226654, 46.69485513512955], [-122.95313236602118, 46.691598136899316], [-122.950084234406, 46.69155323769353], [-122.94986422390794, 46.70188477338992], [-122.95275137369335, 46.70196427040835], [-122.95466041089254, 46.705913556271696], [-122.95008422874682, 46.705943822692596], [-122.94995749528455, 46.70956830816904], [-122.94259673453107, 46.70962553027857], [-122.94202156513408, 46.71322163206348], [-122.93305922765202, 46.711364218779806], [-122.93421787865167, 46.716833900135974], [-122.92399623043197, 46.71685823087333], [-122.9239544325191, 46.72046686981377], [-122.93184672833834, 46.72596407018475], [-122.93974295871581, 46.725608766034426], [-122.9365859565073, 46.72866128116803], [-122.93313642596891, 46.72779512110389], [-122.93117417485998, 46.735184766911736], [-122.93570577261724, 46.735202770069975], [-122.93810935107685, 46.73264236564667], [-122.94516430386102, 46.73357684807834], [-122.94253787626398, 46.73884781677213], [-122.94886922697252, 46.738359371864256], [-122.94893762568162, 46.73406135692709], [-122.95246690863702, 46.73546972560017], [-122.95084393450828, 46.7382634921531], [-122.95231976862088, 46.74242893300496], [-122.94504482736156, 46.74245562927646], [-122.94504563271992, 46.75613207070454], [-122.94725180633814, 46.75665054736081], [-122.95406808926639, 46.74613689299534], [-122.95980060073046, 46.746198757905276], [-122.9621377700279, 46.7425897670199], [-122.96215477001465, 46.73898522701794], [-122.9590955856216, 46.73890441645336], [-122.95908677128723, 46.736045229254096], [-122.95593022154651, 46.73647810096873], [-122.95781876014264, 46.73437423024131], [-122.95392569320707, 46.73381007203248], [-122.95547990583721, 46.72980077403476], [-122.9602613977826, 46.73229001903765], [-122.96941687851015, 46.729482208259085], [-122.97628896686675, 46.732095035834384], [-122.97745554920476, 46.73499220714842], [-122.97432721463734, 46.735447917288106], [-122.98180578022331, 46.741589523576245], [-122.9857957779722, 46.74028876912682], [-122.98602960526608, 46.73596683096922], [-122.98856854954194, 46.736195459643724], [-122.98858623479306, 46.739236772791], [-122.9928594960746, 46.73930077859112], [-122.9923294358122, 46.73550471930211], [-122.99838096084477, 46.73550707620852], [-122.99850123870333, 46.74058382189204], [-123.00691098958724, 46.73861727827196], [-123.00304222839995, 46.74600578395295], [-123.01423577764922, 46.743931774254186], [-123.01439655047932, 46.735509570958534], [-123.01988876219447, 46.73564472540606]]]}}, {"type": "Feature", "id": "pse--Lewis", "properties": {"id": "pse", "name": "Puget Sound Energy", "type": "iou", "county": "Lewis", "approximate": true, "center": [47.6144, -122.1923], "label_at": [46.7218, -122.941]}, "geometry": {"type": "Polygon", "coordinates": [[[-122.9450254008139, 46.72384723551536], [-122.93720066125383, 46.72303163903332], [-122.93707748206933, 46.72051133966064], [-122.94488096226439, 46.72043567224386], [-122.9450254008139, 46.72384723551536]]]}}, {"type": "Feature", "id": "pse--Lewis", "properties": {"id": "pse", "name": "Puget Sound Energy", "type": "iou", "county": "Lewis", "approximate": true, "center": [47.6144, -122.1923], "label_at": [46.7161, -122.9797]}, "geometry": {"type": "Polygon", "coordinates": [[[-122.98169949642919, 46.71777414927145], [-122.97782209010236, 46.71786392524074], [-122.97759764964698, 46.71371157417896], [-122.98159593510692, 46.71443319694173], [-122.98169949642919, 46.71777414927145]]]}}, {"type": "Feature", "id": "mason_pud_1--Mason", "properties": {"id": "mason_pud_1", "name": "Mason County PUD No. 1", "type": "pud", "county": "Mason", "approximate": true, "center": [47.5423, -123.0405], "label_at": [47.3286, -123.2393]}, "geometry": {"type": "Polygon", "coordinates": [[[-123.03776546480552, 47.520214221865906], [-122.93246960785608, 47.52082900245653], [-123.13268201539461, 47.13695421542767], [-123.44584682676162, 47.13695317323835], [-123.44584673175308, 47.606872699235645], [-122.9508182255906, 47.60620761057424], [-123.03776546480552, 47.520214221865906]]]}}, {"type": "Feature", "id": "mason_pud_3--Mason", "properties": {"id": "mason_pud_3", "name": "Mason County PUD No. 3", "type": "pud", "county": "Mason", "approximate": true, "center": [47.4445, -122.853], "label_at": [47.3385, -122.9266]}, "geometry": {"type": "Polygon", "coordinates": [[[-123.15956537805768, 47.08476378081517], [-122.93237244847687, 47.52095597838357], [-122.80022298470396, 47.5201213439728], [-122.80145394175534, 47.404016544736876], [-122.85004973537761, 47.272916999181284], [-122.82151853654855, 47.19416272525764], [-122.88177162962032, 47.15628346894682], [-122.90567659470507, 47.1556460655716], [-122.93671603015136, 47.19024567896615], [-123.07507867646305, 47.08452446028061], [-123.15956537805768, 47.08476378081517]]]}}, {"type": "Feature", "id": "pse--Mason", "properties": {"id": "pse", "name": "Puget Sound Energy", "type": "iou", "county": "Mason", "approximate": true, "center": [47.6144, -122.1923], "label_at": [47.3273, -123.4718]}, "geometry": {"type": "Polygon", "coordinates": [[[-123.44590517550061, 47.136894824499386], [-123.13283311723272, 47.13669613300826], [-123.1599762963032, 47.08476898656256], [-123.48898960768928, 47.08278704549305], [-123.50437987574877, 47.517605479510614], [-123.50420434227529, 47.60700879257482], [-123.4459063668151, 47.606751306923286], [-123.44590517550061, 47.136894824499386]]]}}, {"type": "Feature", "id": "city_of_chewelah--Stevens", "properties": {"id": "city_of_chewelah", "name": "City of Chewelah", "type": "municipal", "county": "Stevens", "approximate": true, "center": [48.2763, -117.7155], "label_at": [48.3133, -117.7533]}, "geometry": {"type": "Polygon", "coordinates": [[[-117.76889439820334, 48.30712821109274], [-117.76097424208565, 48.30830723643803], [-117.76103821672038, 48.31101780063204], [-117.7673816980905, 48.31175766974199], [-117.76740347669578, 48.317013155269805], [-117.75765035028294, 48.323044436032156], [-117.74394263580713, 48.32282341193223], [-117.73917014866365, 48.314833571068874], [-117.73902818658408, 48.30979139795385], [-117.74846476856099, 48.308284767868926], [-117.74860311846074, 48.3049866706777], [-117.76556006939256, 48.303952786299064], [-117.76889439820334, 48.30712821109274]]]}}, {"type": "Feature", "id": "avista--Stevens", "properties": {"id": "avista", "name": "Avista Utilities", "type": "iou", "county": "Stevens", "approximate": true, "center": [47.6572, -117.4235], "label_at": [48.3967, -117.8462]}, "geometry": {"type": "Polygon", "coordinates": [[[-118.23819827281132, 48.058184195488536], [-118.24856694911372, 48.13422199084947], [-118.19129825590677, 48.1598881551185], [-118.19447522933179, 48.212889632291514], [-118.14147529118807, 48.25995104765671], [-118.1756030908226, 48.319502925463986], [-118.20648465825126, 48.4702585045673], [-118.14970923169365, 48.520568153623316], [-118.10496028839871, 48.65350301702716], [-118.13100221837489, 48.777652880218426], [-118.19550685961923, 48.84073799170485], [-118.22165164242364, 48.93703405742488], [-118.19691105180009, 49.00001876750037], [-117.42961325698552, 48.999911144843075], [-117.4302470742903, 48.923139836077446], [-117.4988677695184, 48.92278577123866], [-117.49862273651347, 48.83688618327597], [-117.56361877008501, 48.83669877071162], [-117.5635727085289, 48.74253764734852], [-117.6295117675927, 48.74268276754666], [-117.62924077086728, 48.65584823052236], [-117.49970441817409, 48.65608379148688], [-117.50231376854643, 48.13486422946714], [-117.43752068889178, 48.13445259017332], [-117.43697765559135, 48.04725266821619], [-117.53503876949436, 48.047864767369475], [-117.53570432161938, 47.79527363053577], [-117.69909701425748, 47.85608873725808], [-117.82076381546233, 47.8251971402292], [-117.88208301305528, 47.84715176046723], [-118.07819358380351, 47.800188714333025], [-118.2130250646102, 47.94529771341747], [-118.34092446607589, 47.894478048151086], [-118.40228567530433, 48.02634270560731], [-118.23819827281132, 48.058184195488536]], [[-117.76913576800959, 48.30686291466254], [-117.76557097020712, 48.303947264944725], [-117.74846222863887, 48.30497922700621], [-117.74835867469865, 48.308260828474694], [-117.73896725181048, 48.30980015953984], [-117.73916724599822, 48.3148559126298], [-117.74384020062223, 48.32283877225974], [-117.75779775877963, 48.32305775253593], [-117.76740677736788, 48.317033933843604], [-117.76742676980312, 48.31170420602417], [-117.76113949759925, 48.3110142443503], [-117.76101086230959, 48.308398351116324], [-117.76913576800959, 48.30686291466254]]]}}, {"type": "Feature", "id": "avista--Adams", "properties": {"id": "avista", "name": "Avista Utilities", "type": "iou", "county": "Adams", "approximate": true, "center": [47.6572, -117.4235], "label_at": [47.0876, -118.4702]}, "geometry": {"type": "Polygon", "coordinates": [[[-119.36858929861786, 46.912516643558995], [-118.98254522711342, 46.91134623039132], [-118.97937764379837, 47.26170266810034], [-117.96015103908954, 47.26030773029591], [-117.95885713709072, 46.91489920546188], [-118.01270733095497, 46.790460341654736], [-118.20983260117234, 46.738937973013186], [-119.36934100355961, 46.73776963173778], [-119.36858929861786, 46.912516643558995]]]}}, {"type": "Feature", "id": "pacific_power--Asotin", "properties": {"id": "pacific_power", "name": "Pacific Power (PacifiCorp)", "type": "iou", "county": "Asotin", "approximate": true, "center": [46.6016, -120.5108], "label_at": [46.2006, -117.1809]}, "geometry": {"type": "Polygon", "coordinates": [[[-117.47993049587437, 45.99786945444615], [-117.4800214417911, 46.121887189827206], [-117.41959123040522, 46.12192123060127], [-117.41962491681296, 46.38325897509199], [-117.22875821827684, 46.41129318808595], [-117.22871674785014, 46.461877245697494], [-117.19904387794026, 46.419786245321376], [-117.03989813960992, 46.425349379074646], [-117.04691389741073, 46.37961167200398], [-117.06104470576621, 46.36774694433189], [-117.04746878342223, 46.342884187075896], [-116.98533370744067, 46.29461655574411], [-116.95879763545882, 46.24231153977096], [-116.92564231699333, 46.1589416021515], [-116.94352976550502, 46.06217302449574], [-116.91614856983134, 45.99547362020294], [-117.21673190881442, 45.9983559983717], [-117.47993049587437, 45.99786945444615]]]}}, {"type": "Feature", "id": "city_of_richland--Benton", "properties": {"id": "city_of_richland", "name": "Richland Energy Services", "type": "municipal", "county": "Benton", "approximate": true, "center": [46.2804, -119.2752], "label_at": [46.2973, -119.2991]}, "geometry": {"type": "Polygon", "coordinates": [[[-119.39659467297828, 46.35881282224175], [-119.39900898790876, 46.37028173114334], [-119.3926789899526, 46.366862290167774], [-119.31464223610008, 46.351218234278505], [-119.31775243149485, 46.3527827503873], [-119.31758130739694, 46.359468827141356], [-119.30527524987757, 46.359540239694915], [-119.30490859502892, 46.39704190453882], [-119.28361416349108, 46.39770096963652], [-119.2835082988652, 46.38308103598926], [-119.2988157684865, 46.38295376993412], [-119.29876777662552, 46.371711117155535], [-119.28567391668523, 46.36254426575011], [-119.26818040015485, 46.36174128144859], [-119.26525203853782, 46.35105457890681], [-119.26892776377797, 46.27795715520608], [-119.25998568716238, 46.26935672256473], [-119.24702704518626, 46.266350471048824], [-119.2368514636823, 46.26114243126734], [-119.21207646382966, 46.2405600263026], [-119.21162188136469, 46.232044083542625], [-119.22117292759614, 46.23211275144687], [-119.22363027929907, 46.229235600716024], [-119.22730453401728, 46.229209108450505], [-119.24374476717463, 46.23558363611506], [-119.2438843314116, 46.233665640407885], [-119.2489657698204, 46.233643776481316], [-119.24914175472604, 46.227214238114236], [-119.2439552686647, 46.22708834755524], [-119.24283324100277, 46.208554490645575], [-119.25892390519996, 46.20382784585207], [-119.26771506630658, 46.19413940394419], [-119.28763157690285, 46.197896178409046], [-119.28263114895884, 46.20141190734081], [-119.27675014306283, 46.20051226945038], [-119.27443885143055, 46.203945197512944], [-119.26400021763982, 46.205541215712095], [-119.26397823522355, 46.20724276885081], [-119.27421126635979, 46.20730751648169], [-119.27410573929345, 46.209393981977925], [-119.26935184488528, 46.21069979907546], [-119.27431334541272, 46.21073489498681], [-119.27549708289735, 46.21296274346808], [-119.29536450653073, 46.21307808825715], [-119.29353919629949, 46.21711175485157], [-119.30706578627084, 46.21707477408674], [-119.30594594403848, 46.21189135280182], [-119.30835172762741, 46.208534004206584], [-119.30651541710647, 46.201589552376646], [-119.3268609830298, 46.202119225307236], [-119.32706022641244, 46.21327677196671], [-119.34433031164006, 46.213308482360375], [-119.35302802215992, 46.22816684767269], [-119.34298723027402, 46.22919665746482], [-119.31249010656619, 46.2223072996492], [-119.3069982090345, 46.219052217309255], [-119.3063832343578, 46.23503584051795], [-119.32165709037116, 46.24245373776806], [-119.34562859879972, 46.242564539022844], [-119.34235023766495, 46.24599520892641], [-119.3423475614903, 46.2514519950503], [-119.33954425842309, 46.25154206116395], [-119.34231204492988, 46.25330800164309], [-119.33193322591863, 46.25340522567896], [-119.3318162705657, 46.25700248518609], [-119.32665421754572, 46.257043220982794], [-119.32628451521805, 46.2713571642445], [-119.3145604395197, 46.27135721997703], [-119.31919761063278, 46.27972398838384], [-119.3290014526692, 46.28756929579936], [-119.32395816296257, 46.29461588648868], [-119.33634938550556, 46.29991867052408], [-119.33469303499508, 46.30250295849431], [-119.3307842314303, 46.30264511125199], [-119.32899837150241, 46.30769573256316], [-119.32231620982157, 46.30862721979048], [-119.32209121256324, 46.31406978176104], [-119.3283651120143, 46.31501709277268], [-119.32822618099532, 46.31900579189775], [-119.33406358803654, 46.31967934140414], [-119.34122943469016, 46.32417062857013], [-119.34027538905742, 46.329423718526904], [-119.35184136502053, 46.33587774144617], [-119.35246775910001, 46.34072665411347], [-119.36294134595688, 46.342735570486916], [-119.37668905936751, 46.35163254485524], [-119.39659467297828, 46.35881282224175]], [[-119.27921877385292, 46.3193437721535], [-119.27838816330757, 46.31841023956283], [-119.27802032480245, 46.319343778869175], [-119.27921877385292, 46.3193437721535]], [[-119.28325478566869, 46.236326616592876], [-119.28119707137404, 46.234768276221736], [-119.28094944213905, 46.23490900759316], [-119.28325478566869, 46.236326616592876]], [[-119.2897047678058, 46.223956224708346], [-119.28613806282958, 46.22352691926639], [-119.2843973429658, 46.22379512966679], [-119.28610329534814, 46.22566175378142], [-119.2897047678058, 46.223956224708346]], [[-119.30177669302834, 46.25134676924049], [-119.29552621735765, 46.249485225346255], [-119.2961935251764, 46.25243290428066], [-119.28506822353778, 46.24942121509532], [-119.2850162177415, 46.25185887534333], [-119.29438008963477, 46.25692074191241], [-119.29665477715186, 46.25637078205855], [-119.29683834414229, 46.252606683830635], [-119.30177669302834, 46.25134676924049]], [[-119.29830076514234, 46.35107922891515], [-119.29163522547378, 46.35101723010359], [-119.29156723439739, 46.356300770297906], [-119.29821977579246, 46.3563497706372], [-119.29830076514234, 46.35107922891515]], [[-119.30444678699703, 46.242146778716695], [-119.30328520546918, 46.23926110293894], [-119.30318124801451, 46.24214376133754], [-119.30444678699703, 46.242146778716695]], [[-119.3110437561559, 46.351210233586734], [-119.30464222442869, 46.35114423052772], [-119.30457523624966, 46.355203769334345], [-119.31091178422402, 46.35525077539986], [-119.3110437561559, 46.351210233586734]]]}}, {"type": "Feature", "id": "pacific_power--Benton", "properties": {"id": "pacific_power", "name": "Pacific Power (PacifiCorp)", "type": "iou", "county": "Benton", "approximate": true, "center": [46.6016, -120.5108], "label_at": [46.2836, -119.5968]}, "geometry": {"type": "Polygon", "coordinates": [[[-119.86626501022563, 46.04066088064787], [-119.8740307107068, 46.628492566458725], [-119.62613908174869, 46.64498322156609], [-119.51564343364127, 46.727344646505486], [-119.45321174729929, 46.679234964997036], [-119.25830689161138, 46.48944101978179], [-119.26529935960183, 46.35131523277155], [-119.26863314333166, 46.36298677648138], [-119.28567097848665, 46.362553637755916], [-119.2987536325532, 46.37174012743723], [-119.29872673405106, 46.382920378182], [-119.28348423343493, 46.382974233945795], [-119.2835392360393, 46.39774975607137], [-119.30493978231831, 46.39712578670704], [-119.30528562931293, 46.35970736865428], [-119.3176517792375, 46.359512775894125], [-119.31776976328374, 46.35265823103769], [-119.3148053417308, 46.351222371367264], [-119.40028068307603, 46.3692229684413], [-119.396602853667, 46.35873726739833], [-119.37668811868456, 46.351632089686085], [-119.3637349065267, 46.34304923841962], [-119.35248210736268, 46.340734656029184], [-119.3518461873492, 46.33588187487074], [-119.34027878383881, 46.32942844502317], [-119.34133773644751, 46.32410623556892], [-119.32823857046523, 46.31900737341697], [-119.32876445976072, 46.3149952155031], [-119.32210315389142, 46.31394143190166], [-119.32236944418466, 46.30868298339375], [-119.32907179274922, 46.30772877221701], [-119.33083043039517, 46.30260497656682], [-119.3346875120504, 46.3025059822294], [-119.33635069385551, 46.29992434004054], [-119.32395417590917, 46.29460771213949], [-119.32899379942583, 46.28750415159713], [-119.31920223191507, 46.279728988289705], [-119.31476264520717, 46.27148062358181], [-119.32634276873925, 46.271415767598995], [-119.32668451861016, 46.257128570534675], [-119.33190377450937, 46.25703577194029], [-119.33209215244479, 46.25340786346665], [-119.34238477052683, 46.25335277160184], [-119.33955310543746, 46.25153367758869], [-119.34238077186431, 46.25153977332721], [-119.34391610114844, 46.2479021965131], [-119.34236747242691, 46.24610058381454], [-119.34571968303491, 46.2424881229291], [-119.32168017566286, 46.242450213930674], [-119.30648592176773, 46.23506851307461], [-119.30699526512225, 46.21920544309915], [-119.31247907680103, 46.22230977682382], [-119.34282623131061, 46.229199770449654], [-119.3531117997981, 46.22818778118686], [-119.34432587573872, 46.21327523348219], [-119.32714793726088, 46.213243570752816], [-119.32700577609884, 46.20197943648072], [-119.30633682043972, 46.20158800709873], [-119.30834212370134, 46.208534152531854], [-119.30607744934619, 46.21074287137717], [-119.30694671184426, 46.21705852177911], [-119.29361541452035, 46.21709690717803], [-119.29554377142688, 46.21307822746934], [-119.2755197341429, 46.212958978180716], [-119.27443876201225, 46.21072023255884], [-119.26971598975943, 46.21053482848462], [-119.2741078594526, 46.20939681237056], [-119.27438167577175, 46.207275220656754], [-119.26414047524129, 46.20723985480015], [-119.2640311810294, 46.20562564081095], [-119.27456177885941, 46.204068643175994], [-119.27682096842129, 46.20053983461842], [-119.2826229363486, 46.20142074644873], [-119.28793047709544, 46.197775211622755], [-119.27637983875049, 46.197271593671076], [-119.26768505747958, 46.19408927299543], [-119.25891593550591, 46.203831249964956], [-119.24280325791194, 46.20848318782887], [-119.24394422379133, 46.227241771408735], [-119.249092391125, 46.22729027575471], [-119.2488775772405, 46.2336122564045], [-119.2437652154309, 46.23365122186025], [-119.24349874613804, 46.23546534629231], [-119.22729826081921, 46.229208553677886], [-119.22351921059457, 46.229220219100064], [-119.22115089240636, 46.23210862188741], [-119.21163017775146, 46.23194125129296], [-119.21204022817568, 46.24053487912646], [-119.23685111565534, 46.26114285814205], [-119.2470382686948, 46.26635462049742], [-119.25999981829555, 46.269364930678805], [-119.26725089065808, 46.27732059397301], [-119.04142789168559, 46.1928586467159], [-118.98092965839311, 46.14627439143714], [-118.94111515196292, 46.02941260489281], [-118.98712885146715, 45.99985481150833], [-119.0085662460522, 45.97926636432422], [-119.02704530822254, 45.96913985857154], [-119.09321285887083, 45.942748246977374], [-119.12612015073846, 45.93285972046668], [-119.16948299239166, 45.92760457617091], [-119.19552995284724, 45.92787055479409], [-119.2571554425324, 45.93992543850126], [-119.32250297667059, 45.933183621418785], [-119.37613925854784, 45.92097278427456], [-119.48782903184672, 45.90630793353799], [-119.52464075946533, 45.90860908331795], [-119.57158401525828, 45.92545578912734], [-119.6005489303385, 45.91958082252792], [-119.62339288726622, 45.90563884703296], [-119.66991052553468, 45.85686734127384], [-119.77290959143983, 45.84557990708623], [-119.8026549802372, 45.847529638709545], [-119.86793683301245, 45.836000857349745], [-119.86626501022563, 46.04066088064787]]]}}, {"type": "Feature", "id": "pacific_power--Benton", "properties": {"id": "pacific_power", "name": "Pacific Power (PacifiCorp)", "type": "iou", "county": "Benton", "approximate": true, "center": [46.6016, -120.5108], "label_at": [46.3189, -119.2785]}, "geometry": {"type": "Polygon", "coordinates": [[[-119.27838112198398, 46.318470120439876], [-119.27916138271313, 46.319285949739076], [-119.27817332974534, 46.31928640064771], [-119.27838112198398, 46.318470120439876]]]}}, {"type": "Feature", "id": "pacific_power--Benton", "properties": {"id": "pacific_power", "name": "Pacific Power (PacifiCorp)", "type": "iou", "county": "Benton", "approximate": true, "center": [46.6016, -120.5108], "label_at": [46.2356, -119.2823]}, "geometry": {"type": "Polygon", "coordinates": [[[-119.28141332885465, 46.23477143333907], [-119.28309064695802, 46.236172466717875], [-119.2812324813393, 46.23499437965118], [-119.28141332885465, 46.23477143333907]]]}}, {"type": "Feature", "id": "pacific_power--Benton", "properties": {"id": "pacific_power", "name": "Pacific Power (PacifiCorp)", "type": "iou", "county": "Benton", "approximate": true, "center": [46.6016, -120.5108], "label_at": [46.2248, -119.2876]}, "geometry": {"type": "Polygon", "coordinates": [[[-119.28950576268453, 46.223952371505845], [-119.2881841843966, 46.225673820390085], [-119.28451352142685, 46.223914218102706], [-119.28537859682135, 46.22351450032538], [-119.28950576268453, 46.223952371505845]]]}}, {"type": "Feature", "id": "pacific_power--Benton", "properties": {"id": "pacific_power", "name": "Pacific Power (PacifiCorp)", "type": "iou", "county": "Benton", "approximate": true, "center": [46.6016, -120.5108], "label_at": [46.2544, -119.2932]}, "geometry": {"type": "Polygon", "coordinates": [[[-119.30171280170006, 46.25110723755747], [-119.29676809644165, 46.25254124309838], [-119.29663469518529, 46.256283164926046], [-119.29443876191192, 46.25689993859887], [-119.28509890926459, 46.251906641490095], [-119.28506375425413, 46.24958760446953], [-119.2964089117134, 46.252476748001385], [-119.29566429159446, 46.249494334518644], [-119.30171280170006, 46.25110723755747]]]}}, {"type": "Feature", "id": "pacific_power--Benton", "properties": {"id": "pacific_power", "name": "Pacific Power (PacifiCorp)", "type": "iou", "county": "Benton", "approximate": true, "center": [46.6016, -120.5108], "label_at": [46.3537, -119.2949]}, "geometry": {"type": "Polygon", "coordinates": [[[-119.29809998669616, 46.35107693762], [-119.29814826357031, 46.35630451570431], [-119.29161365040231, 46.3562277410456], [-119.29170706997361, 46.35106263652539], [-119.29809998669616, 46.35107693762]]]}}, {"type": "Feature", "id": "pacific_power--Benton", "properties": {"id": "pacific_power", "name": "Pacific Power (PacifiCorp)", "type": "iou", "county": "Benton", "approximate": true, "center": [46.6016, -120.5108], "label_at": [46.2406, -119.3036]}, "geometry": {"type": "Polygon", "coordinates": [[[-119.30330614262311, 46.23926098863599], [-119.30443665203421, 46.242028114499526], [-119.3032917807792, 46.24211964440879], [-119.30330614262311, 46.23926098863599]]]}}, {"type": "Feature", "id": "pacific_power--Benton", "properties": {"id": "pacific_power", "name": "Pacific Power (PacifiCorp)", "type": "iou", "county": "Benton", "approximate": true, "center": [46.6016, -120.5108], "label_at": [46.3532, -119.3078]}, "geometry": {"type": "Polygon", "coordinates": [[[-119.31083949125313, 46.351207891662405], [-119.31082676465705, 46.355217704958804], [-119.30461056834211, 46.35511442942247], [-119.30472968830854, 46.351178354297694], [-119.31083949125313, 46.351207891662405]]]}}, {"type": "Feature", "id": "cowlitz_pud--Cowlitz", "properties": {"id": "cowlitz_pud", "name": "Cowlitz County PUD", "type": "pud", "county": "Cowlitz", "approximate": true, "center": [46.1421, -122.9053], "label_at": [46.1282, -122.6206]}, "geometry": {"type": "Polygon", "coordinates": [[[-123.21783649585468, 46.3849279743595], [-123.09130247626317, 46.38792899216688], [-122.24168069419615, 46.38527843378244], [-122.23995394716403, 46.38409079919759], [-122.24564020824918, 46.05396619154778], [-122.35775227062729, 45.95694562269405], [-122.47710907528473, 45.9880875891479], [-122.73899586047119, 45.915286800140954], [-122.78536048787458, 45.850993451485145], [-122.78502762980126, 45.86770424768781], [-122.8139982501951, 45.96098387629018], [-122.88447568797216, 46.06027674269131], [-122.90411917663431, 46.08373377257265], [-123.1159040567094, 46.18526778693958], [-123.16641396448482, 46.18897273405475], [-123.21301092114228, 46.172689771361426], [-123.21783649585468, 46.3849279743595]]]}}, {"type": "Feature", "id": "douglas_pud--Douglas", "properties": {"id": "douglas_pud", "name": "Douglas County PUD", "type": "pud", "county": "Douglas", "approximate": true, "center": [47.6473, -120.0714], "label_at": [47.64, -119.9412]}, "geometry": {"type": "Polygon", "coordinates": [[[-120.23358420654596, 47.59763013693194], [-120.19904820843396, 47.68227602429441], [-120.20929150547742, 47.74838401232268], [-120.13090332930544, 47.77660030184346], [-119.99494905445135, 47.78135722944819], [-119.87030728245159, 47.96032805529651], [-119.89100520484644, 48.052658750422445], [-119.68117457311884, 48.0526340515402], [-119.69362666064886, 48.03255408526164], [-119.6659945945946, 48.01670736292721], [-119.6660667110868, 47.43982722304413], [-119.87583489640589, 47.43735173673604], [-120.00476675165363, 47.32005188676685], [-120.00661874449486, 47.24195155794445], [-120.08356747015608, 47.24190319833596], [-120.09446195626894, 47.26218038393779], [-120.08327426935624, 47.33368988569994], [-120.129573079897, 47.36625081774313], [-120.28648288431799, 47.393111073652605], [-120.31805652809358, 47.45769377304905], [-120.29281373108044, 47.53816064484991], [-120.23358420654596, 47.59763013693194]]]}}, {"type": "Feature", "id": "pse--Douglas", "properties": {"id": "pse", "name": "Puget Sound Energy", "type": "iou", "county": "Douglas", "approximate": true, "center": [47.6144, -122.1923], "label_at": [47.7645, -119.4608]}, "geometry": {"type": "Polygon", "coordinates": [[[-119.6659945945946, 48.01647965412359], [-119.62983501097388, 47.99623929081472], [-119.50236813265381, 48.08210244139129], [-119.34098915812179, 48.049512266560214], [-119.3253738143572, 48.09965863024683], [-119.12614084802327, 48.150505120026786], [-119.0622402300825, 48.13835702217645], [-119.00611082988179, 48.04614319204021], [-118.95554676401194, 48.02307960957544], [-118.98243173736994, 47.962041607410505], [-119.10404084337866, 47.96176275039801], [-119.12568539688355, 47.917253131176096], [-119.212148781601, 47.887616843305736], [-119.21252183725916, 47.80065205002717], [-119.2987437761656, 47.72827684230002], [-119.34168899600735, 47.61242574629451], [-119.40519592848092, 47.61247076244673], [-119.53288876894695, 47.52756287489596], [-119.53369501299812, 47.44136046791854], [-119.66579227746634, 47.43978564297128], [-119.6659945945946, 48.01647965412359]]]}}, {"type": "Feature", "id": "pse--Douglas", "properties": {"id": "pse", "name": "Puget Sound Energy", "type": "iou", "county": "Douglas", "approximate": true, "center": [47.6144, -122.1923], "label_at": [48.0872, -119.7672]}, "geometry": {"type": "Polygon", "coordinates": [[[-119.89161892006764, 48.054888477231174], [-119.77131692294441, 48.10469856839272], [-119.67034443321174, 48.069675963195785], [-119.68105622489348, 48.05270642428892], [-119.89096696122184, 48.052705405405405], [-119.89161892006764, 48.054888477231174]]]}}, {"type": "Feature", "id": "pse--Douglas", "properties": {"id": "pse", "name": "Puget Sound Energy", "type": "iou", "county": "Douglas", "approximate": true, "center": [47.6144, -122.1923], "label_at": [47.2334, -120.0429]}, "geometry": {"type": "Polygon", "coordinates": [[[-120.0745595145279, 47.22514374210961], [-120.08338967065892, 47.24187096723035], [-120.00657528551362, 47.24174906876011], [-120.00721818906173, 47.22007272562218], [-120.0745595145279, 47.22514374210961]]]}}, {"type": "Feature", "id": "ferry_pud--Ferry", "properties": {"id": "ferry_pud", "name": "Ferry County PUD", "type": "pud", "county": "Ferry", "approximate": true, "center": [48.6482, -118.7378], "label_at": [48.5677, -118.601]}, "geometry": {"type": "Polygon", "coordinates": [[[-118.8434392300839, 48.48168177269503], [-118.86953632050417, 48.48204051906782], [-118.86967184861182, 48.653401061189044], [-118.83539922746519, 48.65415322291103], [-118.83673488543077, 49.000150112667484], [-118.33245316053117, 49.00005979658063], [-118.33245317323836, 48.24285317323836], [-118.84439632328, 48.24280990542957], [-118.8434392300839, 48.48168177269503]]]}}, {"type": "Feature", "id": "avista--Ferry", "properties": {"id": "avista", "name": "Avista Utilities", "type": "iou", "county": "Ferry", "approximate": true, "center": [47.6572, -117.4235], "label_at": [48.3949, -118.2617]}, "geometry": {"type": "Polygon", "coordinates": [[[-118.8457852529423, 47.9634781103711], [-118.84441541810226, 48.24277111205096], [-118.33239482449937, 48.24279482449939], [-118.3323907507741, 48.99995733851775], [-118.19707432154038, 49.000060929038106], [-118.22166780255016, 48.93709358878351], [-118.19550775076621, 48.84072514631602], [-118.13100131928675, 48.77763098338011], [-118.10496792376621, 48.65353527656324], [-118.14970929806088, 48.520580707903434], [-118.20650675761162, 48.47029591911817], [-118.17560173527833, 48.3194921000339], [-118.14153201198914, 48.25996033075297], [-118.19449974606145, 48.21288889493906], [-118.1913591924663, 48.159878225759584], [-118.24860574198814, 48.13425485665497], [-118.23829350459474, 48.05819094832377], [-118.40240665396792, 48.026381823450585], [-118.34094380591738, 47.89442503336848], [-118.35703644989385, 47.84172282156627], [-118.54403758587931, 47.88396476919187], [-118.57039612177272, 47.93231773802265], [-118.71168129306207, 47.90335543188772], [-118.8517398897205, 47.95761177107578], [-118.8457852529423, 47.9634781103711]]]}}, {"type": "Feature", "id": "pacific_power--Garfield", "properties": {"id": "pacific_power", "name": "Pacific Power (PacifiCorp)", "type": "iou", "county": "Garfield", "approximate": true, "center": [46.6016, -120.5108], "label_at": [46.3609, -117.5528]}, "geometry": {"type": "Polygon", "coordinates": [[[-117.73730113931731, 46.471365780748506], [-117.86324549984441, 46.47113116286313], [-117.85182893499682, 46.6247511603282], [-117.751024505081, 46.69001681946026], [-117.60122701548516, 46.67267930663703], [-117.47531457776614, 46.700306814834825], [-117.25389638993852, 46.54505095208943], [-117.22889976901608, 46.4623232311281], [-117.22881334036764, 46.411328124950586], [-117.41967978285528, 46.38329381244183], [-117.41959490532426, 46.122082249598336], [-117.48004477011347, 46.12199276968183], [-117.4802378205053, 45.997896086198715], [-117.60314288408186, 45.99898883619347], [-117.61181522089595, 46.33849577027462], [-117.67513627340621, 46.33769749403156], [-117.73730113931731, 46.471365780748506]]]}}, {"type": "Feature", "id": "city_of_coulee_dam--Grant", "properties": {"id": "city_of_coulee_dam", "name": "Coulee Dam Light", "type": "municipal", "county": "Grant", "approximate": true, "center": [47.9664, -118.9759], "label_at": [47.961, -118.9869]}, "geometry": {"type": "Polygon", "coordinates": [[[-118.98654140738282, 47.960187933530904], [-118.98939156972578, 47.961927738978275], [-118.98539765409359, 47.9618352553196], [-118.98654140738282, 47.960187933530904]]]}}, {"type": "Feature", "id": "pse--Grant", "properties": {"id": "pse", "name": "Puget Sound Energy", "type": "iou", "county": "Grant", "approximate": true, "center": [47.6144, -122.1923], "label_at": [47.2701, -119.4927]}, "geometry": {"type": "Polygon", "coordinates": [[[-119.92753724199567, 46.817092011456744], [-120.04285347093976, 47.07344465379641], [-120.00706529090657, 47.22005303840183], [-120.00471786962586, 47.32009531444801], [-119.87580013953959, 47.43734810921328], [-119.53362422250963, 47.441317221828896], [-119.53281634563609, 47.52761016889673], [-119.40521189250309, 47.612455822276345], [-119.34170817310363, 47.61234824927702], [-119.29874410698974, 47.72826441523783], [-119.21249922754846, 47.800652106659115], [-119.21208003561884, 47.887625509396244], [-119.12565917100392, 47.9172531932548], [-119.10397603604144, 47.96175393512748], [-118.98964862311679, 47.962003733010114], [-118.98636722298193, 47.96013427113083], [-118.98247130686451, 47.96197167528256], [-118.9827537482425, 47.94978212948746], [-118.97350312988463, 47.94346204365855], [-118.98258960480484, 46.91141912063768], [-119.36866177178118, 46.912561770495785], [-119.36899944882113, 46.6782647394859], [-119.45320766850014, 46.67925043314366], [-119.5156530024279, 46.727395698365974], [-119.6261979914852, 46.64497909813578], [-119.87407560548269, 46.62861861214772], [-119.9729648151243, 46.73714773719697], [-119.92753724199567, 46.817092011456744]]]}}, {"type": "Feature", "id": "pse--Island", "properties": {"id": "pse", "name": "Puget Sound Energy", "type": "iou", "county": "Island", "approximate": true, "center": [47.6144, -122.1923], "label_at": [48.1573, -122.5956]}, "geometry": {"type": "Polygon", "coordinates": [[[-122.74461212757087, 48.20964978965485], [-122.76303643473193, 48.215350031417955], [-122.7700121893321, 48.22435418059406], [-122.76992493759052, 48.22757254005354], [-122.75256721836655, 48.26005063350127], [-122.73202216943086, 48.27942511872784], [-122.72258284639784, 48.304262470472274], [-122.70707711282, 48.3152861336256], [-122.67373119963014, 48.35468312439084], [-122.66492824966488, 48.3748230534944], [-122.66462636482518, 48.40145574161636], [-122.64480868071813, 48.40548467161332], [-122.63505594714302, 48.404251211006624], [-122.63268510562175, 48.40104645388262], [-122.63733879954603, 48.39802880228257], [-122.63789173470067, 48.39568115879025], [-122.63581999895958, 48.395128269722655], [-122.62780912221761, 48.397200222399654], [-122.60976587319861, 48.411533843643056], [-122.60195784786542, 48.40988777505629], [-122.59673905363685, 48.405609974131], [-122.59535078373058, 48.397200209399706], [-122.58506640107232, 48.395060840630556], [-122.58889076094515, 48.36300502976474], [-122.58516183481036, 48.3533041850895], [-122.55134745870266, 48.34214376530572], [-122.51600330597905, 48.32043393145408], [-122.50658384410471, 48.31005350788317], [-122.50475132558779, 48.30031823222503], [-122.52274261228477, 48.285516760163844], [-122.53100737006278, 48.282443594020826], [-122.5583106644679, 48.28206290230015], [-122.57487215000397, 48.29490271984663], [-122.58408604365633, 48.297986748276074], [-122.59953196608467, 48.298302653275556], [-122.61846587683614, 48.29415869730401], [-122.62675662559946, 48.288990956801015], [-122.6207704376359, 48.2829336390014], [-122.62380789700107, 48.26946201830815], [-122.6526387907173, 48.26508079335491], [-122.65345588211885, 48.2593106527505], [-122.66920978026444, 48.240613925873696], [-122.66838479043052, 48.22396720162623], [-122.6312652945361, 48.22068646791577], [-122.62826396365448, 48.22240877405026], [-122.60640009050987, 48.20825308928566], [-122.58813227703538, 48.18593129915381], [-122.57490735617922, 48.15559754414747], [-122.56792772579172, 48.148596616177976], [-122.55822007877823, 48.11962054348138], [-122.55993115050168, 48.11417550735426], [-122.57161474591756, 48.10511286262225], [-122.57185275510658, 48.10214306644695], [-122.5545643479978, 48.07739847350252], [-122.54511983148437, 48.05255016911976], [-122.53895299292013, 48.050232229362734], [-122.51399423093353, 48.05907713581809], [-122.51108124557004, 48.075300922516874], [-122.51690990586972, 48.08109395836764], [-122.52529776195287, 48.09636191573797], [-122.51325316888449, 48.09753460601855], [-122.49109067897453, 48.09422560019827], [-122.44841882051755, 48.0543232314024], [-122.43126587719654, 48.045001304557886], [-122.4006240804646, 48.036562250476884], [-122.37628799155746, 48.03437822423312], [-122.3732627967167, 48.00079107767039], [-122.35361817865399, 47.98142853015082], [-122.34959833819444, 47.95880494769006], [-122.35880553654285, 47.937441272767785], [-122.3768367593755, 47.923702909281786], [-122.37731617658841, 47.90594146081461], [-122.38052955149749, 47.904032616722276], [-122.39037836893503, 47.90569000091211], [-122.39734909349832, 47.91240076467574], [-122.41927386270075, 47.91212633121388], [-122.43106293054046, 47.91476334590811], [-122.44551035479418, 47.930240626114156], [-122.44575088931995, 47.93619824822406], [-122.44079029862091, 47.94659406854881], [-122.44076002788935, 47.95184011843223], [-122.4466795534396, 47.96315032749102], [-122.47266012296163, 47.98844875320107], [-122.4875049857948, 47.99072873313255], [-122.50125327668297, 47.98708998552021], [-122.5148128102543, 47.9811518042219], [-122.51777396625889, 47.974938515525345], [-122.52121089594252, 47.97300256855589], [-122.54687380127568, 47.967282664012686], [-122.55202977030186, 47.97372482180231], [-122.54306325971028, 47.98598313450111], [-122.54292417421938, 47.99640385068957], [-122.56001806983534, 48.00650181167117], [-122.58178634432828, 48.01039627271298], [-122.60720539404318, 48.03092333786774], [-122.59678618534436, 48.03883413995636], [-122.59362125702434, 48.047200028380416], [-122.59492224181378, 48.05631786772596], [-122.61401362679402, 48.07283532712052], [-122.61320767977277, 48.07949184309244], [-122.6072912848216, 48.08803415283745], [-122.59830128792198, 48.1106160326009], [-122.60210919479921, 48.13524895172302], [-122.6095682149451, 48.15185984428693], [-122.61746411083577, 48.159054797567045], [-122.63316702806468, 48.16328075628651], [-122.65601995592989, 48.16251275984446], [-122.67948824652755, 48.155100962484525], [-122.68662622451431, 48.17465286193468], [-122.69308422304383, 48.18150873385175], [-122.71150811321849, 48.193572748178546], [-122.7350172053128, 48.19996508535026], [-122.74461212757087, 48.20964978965485]]]}}, {"type": "Feature", "id": "pse--Island", "properties": {"id": "pse", "name": "Puget Sound Energy", "type": "iou", "county": "Island", "approximate": true, "center": [47.6144, -122.1923], "label_at": [48.1643, -122.4989]}, "geometry": {"type": "Polygon", "coordinates": [[[-122.53443121374781, 48.22300503007398], [-122.53520519003871, 48.240202968205686], [-122.53095757872262, 48.24982199799769], [-122.50378573994514, 48.25704165127347], [-122.49344795480522, 48.252043209835364], [-122.48092506688553, 48.25170627690084], [-122.47449417010733, 48.25522716846375], [-122.4668309774079, 48.26954978416179], [-122.46400388971563, 48.27052601160561], [-122.40568470946629, 48.252078688788416], [-122.39871183592602, 48.24168418139553], [-122.3929014944755, 48.23853300359048], [-122.39545156516174, 48.22882112676024], [-122.42554324309212, 48.23288430794008], [-122.43376131958901, 48.23654944246829], [-122.44960488241621, 48.23259778042769], [-122.45361648955178, 48.226825549973], [-122.44951282388175, 48.21473623499495], [-122.44448151889864, 48.214491053045194], [-122.44206564188025, 48.20934674311196], [-122.45494005661429, 48.1966351524515], [-122.46184853582544, 48.19316640055908], [-122.4702499123856, 48.1940067803237], [-122.47853475402354, 48.188086867445044], [-122.4790077706539, 48.17570303549376], [-122.475802780088, 48.166792133951915], [-122.44238284265374, 48.13084119805653], [-122.41164934215588, 48.11320949842304], [-122.37948827307679, 48.0873888971132], [-122.35848671643845, 48.056121273883136], [-122.36313953140892, 48.05455419347913], [-122.37714790016423, 48.05759242824807], [-122.38769552275105, 48.06519859869901], [-122.3934132508272, 48.07847184540398], [-122.40069576081667, 48.08525789052207], [-122.42370309488396, 48.10294085247502], [-122.44966770356513, 48.1140497476598], [-122.46750007551837, 48.13035276295652], [-122.47798288257235, 48.1290477474286], [-122.48670105903479, 48.12098348012447], [-122.48995629540269, 48.120623452268745], [-122.51200236892191, 48.13391790924881], [-122.52257627884612, 48.16171185670748], [-122.53721645597001, 48.18375719844396], [-122.53891374475691, 48.20966306987022], [-122.53443121374781, 48.22300503007398]]]}}, {"type": "Feature", "id": "city_of_ellensburg--Kittitas", "properties": {"id": "city_of_ellensburg", "name": "Ellensburg Light & Power", "type": "municipal", "county": "Kittitas", "approximate": true, "center": [46.9971, -120.5451], "label_at": [46.9978, -120.5509]}, "geometry": {"type": "Polygon", "coordinates": [[[-120.5948363658835, 47.009314407758524], [-120.59447446576542, 47.01473619426874], [-120.5905356537556, 47.01932203658848], [-120.58214027332768, 47.01389514002258], [-120.58222186201695, 47.00664403410224], [-120.57144422263246, 47.00663902063881], [-120.57551228093135, 47.01025274645653], [-120.57338591164348, 47.01084510678057], [-120.5662390417592, 47.00865074677115], [-120.56615405410653, 47.00663613828424], [-120.56086423261468, 47.0066338315392], [-120.56613630133782, 47.009792534229376], [-120.56617394753097, 47.013814612728325], [-120.5529756485594, 47.013477130691435], [-120.55739827251139, 47.01592931771617], [-120.55744926572577, 47.02110883692417], [-120.55145903442002, 47.02129443082795], [-120.55022873870942, 47.028857423213786], [-120.54066204142804, 47.02428609242841], [-120.53449500742143, 47.02493458489305], [-120.53456463053487, 47.022154955920655], [-120.53714638842523, 47.02350785976418], [-120.53717827406275, 47.01985173518396], [-120.53963647149601, 47.02077227094922], [-120.53965366799375, 47.014319232020554], [-120.53446942481723, 47.0141212246719], [-120.53444509615642, 47.02180289575139], [-120.53043643077064, 47.02132723086663], [-120.53027779258848, 47.02319785891319], [-120.52906916080057, 47.02031359519445], [-120.51926933896956, 47.017734248749626], [-120.52338298960923, 47.009492550491444], [-120.51834017496532, 47.006199528687645], [-120.51477543588435, 47.00621723220088], [-120.51726925907631, 47.00851029963227], [-120.51466952348008, 47.00868593317966], [-120.5133085762079, 47.0035461289895], [-120.50992275800782, 47.00419165614863], [-120.51825937158127, 46.99980213367779], [-120.50813596251973, 46.999860101407954], [-120.50798022540987, 46.997355396189896], [-120.52620437326287, 47.00027483657234], [-120.52836157397364, 46.99541052613501], [-120.51850182338954, 46.99500289206308], [-120.52183145215548, 46.99078900809466], [-120.52734025924073, 46.99127403518646], [-120.52716378840626, 46.98773972772118], [-120.51839079761851, 46.988473271950795], [-120.51825230595978, 46.98501652645439], [-120.52622696610429, 46.98473976101132], [-120.52854806881763, 46.980920934708514], [-120.52345626853217, 46.97831136200939], [-120.52339706931843, 46.97356783480069], [-120.51817200281019, 46.972689515345984], [-120.5285152790801, 46.971860820126395], [-120.52854814909871, 46.969683835664604], [-120.5392131662497, 46.969812580161836], [-120.54219409341576, 46.96698709648019], [-120.54325164767177, 46.969351773427924], [-120.53978109050887, 46.97009247729227], [-120.54279994086781, 46.97450298305251], [-120.54709090028437, 46.97526071039022], [-120.55492511349328, 46.986962255519956], [-120.56098207759005, 46.98204943200118], [-120.57036709007535, 46.988325673319004], [-120.5676330754474, 46.98462871587341], [-120.5673529931575, 46.97800997614571], [-120.57011909138957, 46.9813033907749], [-120.56901577205943, 46.98453195290766], [-120.57136910205412, 46.98737429444931], [-120.5769880789001, 46.9878786339581], [-120.58010993657409, 46.99354703544218], [-120.57985515306248, 46.996607607492386], [-120.57251796995804, 46.98977249907381], [-120.57091058491356, 46.99082423272252], [-120.57586149839385, 47.000545189767635], [-120.58305155642235, 47.003004260091636], [-120.5822555651567, 46.99954570983724], [-120.5948363658835, 47.009314407758524]], [[-120.51833136502482, 47.00552496941504], [-120.51831027377601, 47.00359022938713], [-120.51474013501463, 47.003525430616556], [-120.51476652230474, 47.00554546447211], [-120.51833136502482, 47.00552496941504]], [[-120.51854092516243, 47.0031483702855], [-120.52099637507496, 47.00224392949627], [-120.51852923476471, 47.00226023016836], [-120.51854092516243, 47.0031483702855]], [[-120.547392227881, 47.009772569973016], [-120.55015327138561, 47.009026131356656], [-120.54738792918873, 47.00904462481815], [-120.547392227881, 47.009772569973016]], [[-120.54921052792402, 47.00813256807289], [-120.5504642268289, 47.00724797723834], [-120.5492065335413, 47.00767153088588], [-120.54921052792402, 47.00813256807289]], [[-120.56039234867077, 46.991835863335766], [-120.56021766658708, 46.98818184378974], [-120.55762735347622, 46.98817074398673], [-120.55619413070593, 46.99182498704704], [-120.56039234867077, 46.991835863335766]], [[-120.56198251168192, 46.99713127232521], [-120.56601438944058, 46.996125725277075], [-120.56193635049104, 46.99620003406751], [-120.56198251168192, 46.99713127232521]], [[-120.56289463216667, 46.99935165734728], [-120.56332118831453, 46.99825832770196], [-120.56284094895136, 46.99826953144348], [-120.56289463216667, 46.99935165734728]], [[-120.56612322687428, 47.002579380204686], [-120.56742827677253, 46.999531524720524], [-120.56609462653215, 46.99952571746697], [-120.56612322687428, 47.002579380204686]], [[-120.57141406487443, 47.00305916621832], [-120.57140556931466, 46.99956852567572], [-120.5687437282695, 46.99954832196113], [-120.5687712251789, 47.00305147370688], [-120.57141406487443, 47.00305916621832]]]}}, {"type": "Feature", "id": "pse--Kittitas", "properties": {"id": "pse", "name": "Puget Sound Energy", "type": "iou", "county": "Kittitas", "approximate": true, "center": [47.6144, -122.1923], "label_at": [47.1841, -120.6736]}, "geometry": {"type": "Polygon", "coordinates": [[[-121.29804134129861, 47.14823003052077], [-121.43262800169346, 47.293578333977436], [-121.42541616059228, 47.42229401755635], [-121.31095310798985, 47.47927117529302], [-121.24319646637092, 47.540337371678916], [-121.11360124196786, 47.59709761293869], [-120.91609789872282, 47.428540197982244], [-120.52514538273614, 47.333240332868904], [-120.38897794067056, 47.26088924028708], [-120.09457071140166, 47.26214959865065], [-120.07466884710684, 47.22515223472255], [-120.00720947999778, 47.220041050793654], [-120.0428657679209, 47.07345302132095], [-119.9275665912989, 46.81705597600919], [-119.97311438095515, 46.73717209062195], [-120.50945652520797, 46.73811757268812], [-120.50922722932471, 46.8245337740632], [-120.63434389806353, 46.82586315820089], [-120.63488322772115, 46.91199477069851], [-121.02643303290323, 46.91134509253306], [-121.08979418387239, 46.99103877507481], [-121.28203460166613, 47.08895175982283], [-121.37921671726261, 47.08686193233141], [-121.29804134129861, 47.14823003052077]], [[-120.59488312677115, 47.00901921622805], [-120.58223332817961, 46.99952471268288], [-120.58191643367842, 47.0029366893134], [-120.57596649765925, 47.0005830962762], [-120.57137198041, 46.99059876047574], [-120.57995066540741, 46.99673166289078], [-120.58011029039665, 46.99343716496272], [-120.57697585477679, 46.987867795235424], [-120.57147254531618, 46.98737658031089], [-120.56900773049234, 46.98445711552329], [-120.57013421427943, 46.98132205417706], [-120.56729428874416, 46.97792382637523], [-120.56585802193888, 46.97872266187392], [-120.57009456047122, 46.98828723895084], [-120.56075223966644, 46.9818802866468], [-120.5549935931356, 46.98689849745127], [-120.54704208062402, 46.97520153414638], [-120.54280887294097, 46.9744892269573], [-120.53999314545942, 46.97040231684074], [-120.54332427139227, 46.96925324965785], [-120.54210256236672, 46.96691409341895], [-120.53903871037996, 46.969809026700425], [-120.52835685556298, 46.96968294380412], [-120.52839085467002, 46.97181364738983], [-120.51814982052971, 46.97265293992946], [-120.52332379005398, 46.97361432181135], [-120.52342243602324, 46.97833443900962], [-120.52854013150056, 46.98106395425889], [-120.52609780762882, 46.98473375736317], [-120.51825181927668, 46.98485658747301], [-120.5182463351229, 46.988484161434556], [-120.52715525186105, 46.98785956261545], [-120.52726134877665, 46.99120187516019], [-120.52170384882763, 46.9907765312657], [-120.51841577958457, 46.995228774699115], [-120.52827410644824, 46.99544318485326], [-120.52613176647998, 47.00019048058313], [-120.50798001843391, 46.99713995775282], [-120.50797373280507, 46.99986476627863], [-120.51823720062814, 46.99990755309789], [-120.50992296719888, 47.00436718963727], [-120.51325178348469, 47.003604240684915], [-120.51454483305545, 47.00870226509009], [-120.51727356267622, 47.00869236939739], [-120.51486563690196, 47.00625091142364], [-120.51816147008037, 47.00620099418148], [-120.52311853154644, 47.009555428317974], [-120.51901251411225, 47.01774621567685], [-120.52897180485391, 47.02029040139882], [-120.52916362401058, 47.02320757140734], [-120.53233947370077, 47.02132625848928], [-120.53446083463386, 47.02502566113161], [-120.5406686988407, 47.02428808965221], [-120.55038662137676, 47.02901350543774], [-120.55151851557899, 47.021353008943066], [-120.55743140649771, 47.02126718059175], [-120.5556014841108, 47.01348946873307], [-120.56619826627603, 47.01392116732683], [-120.566171652242, 47.0097957391566], [-120.56156324538273, 47.006897425006244], [-120.56316223330508, 47.005893789132635], [-120.57412375610309, 47.01102566777697], [-120.57596187923836, 47.01050703248384], [-120.57164327798944, 47.006662031202204], [-120.58211408791671, 47.00666782927019], [-120.58210483709968, 47.0139849674878], [-120.59066707592117, 47.01944073982119], [-120.59447263165126, 47.014741050394846], [-120.59488312677115, 47.00901921622805]]]}}, {"type": "Feature", "id": "pse--Kittitas", "properties": {"id": "pse", "name": "Puget Sound Energy", "type": "iou", "county": "Kittitas", "approximate": true, "center": [47.6144, -122.1923], "label_at": [47.0046, -120.5157]}, "geometry": {"type": "Polygon", "coordinates": [[[-120.51823828050479, 47.00363540676743], [-120.51482204141689, 47.00550010236775], [-120.51478668372137, 47.0035987031762], [-120.51823828050479, 47.00363540676743]]]}}, {"type": "Feature", "id": "pse--Kittitas", "properties": {"id": "pse", "name": "Puget Sound Energy", "type": "iou", "county": "Kittitas", "approximate": true, "center": [47.6144, -122.1923], "label_at": [47.0028, -120.5191]}, "geometry": {"type": "Polygon", "coordinates": [[[-120.52083685402314, 47.002248564631465], [-120.51870054734974, 47.00314369309796], [-120.51853500931509, 47.0024220724421], [-120.52083685402314, 47.002248564631465]]]}}, {"type": "Feature", "id": "pse--Kittitas", "properties": {"id": "pse", "name": "Puget Sound Energy", "type": "iou", "county": "Kittitas", "approximate": true, "center": [47.6144, -122.1923], "label_at": [47.0171, -120.537]}, "geometry": {"type": "Polygon", "coordinates": [[[-120.53945282167352, 47.01431954718736], [-120.53962849333239, 47.02063100885578], [-120.53711051121567, 47.01981021383216], [-120.53684603816392, 47.0234222417408], [-120.53446837149885, 47.02189453528406], [-120.53447677938966, 47.01426082116841], [-120.53945282167352, 47.01431954718736]]]}}, {"type": "Feature", "id": "pse--Kittitas", "properties": {"id": "pse", "name": "Puget Sound Energy", "type": "iou", "county": "Kittitas", "approximate": true, "center": [47.6144, -122.1923], "label_at": [47.0095, -120.548]}, "geometry": {"type": "Polygon", "coordinates": [[[-120.55001157618466, 47.00903537600186], [-120.54753351361582, 47.00976372349327], [-120.54739706165834, 47.00918507380219], [-120.55001157618466, 47.00903537600186]]]}}, {"type": "Feature", "id": "pse--Kittitas", "properties": {"id": "pse", "name": "Puget Sound Energy", "type": "iou", "county": "Kittitas", "approximate": true, "center": [47.6144, -122.1923], "label_at": [47.008, -120.5494]}, "geometry": {"type": "Polygon", "coordinates": [[[-120.54996575638914, 47.00767015727626], [-120.5493906954259, 47.00813025963024], [-120.54920884338796, 47.00785279128769], [-120.54996575638914, 47.00767015727626]]]}}, {"type": "Feature", "id": "pse--Kittitas", "properties": {"id": "pse", "name": "Puget Sound Energy", "type": "iou", "county": "Kittitas", "approximate": true, "center": [47.6144, -122.1923], "label_at": [47.0076, -120.5506]}, "geometry": {"type": "Polygon", "coordinates": [[[-120.5505714828599, 47.00740722804527], [-120.55098450083163, 47.00787686098231], [-120.55049144530143, 47.007804232202055], [-120.5505714828599, 47.00740722804527]]]}}, {"type": "Feature", "id": "pse--Kittitas", "properties": {"id": "pse", "name": "Puget Sound Energy", "type": "iou", "county": "Kittitas", "approximate": true, "center": [47.6144, -122.1923], "label_at": [46.9899, -120.5587]}, "geometry": {"type": "Polygon", "coordinates": [[[-120.56038267374116, 46.991628455392515], [-120.55655540241659, 46.991754130108845], [-120.55770645017361, 46.98821886358223], [-120.5601857706961, 46.98825891083286], [-120.56038267374116, 46.991628455392515]]]}}, {"type": "Feature", "id": "pse--Kittitas", "properties": {"id": "pse", "name": "Puget Sound Energy", "type": "iou", "county": "Kittitas", "approximate": true, "center": [47.6144, -122.1923], "label_at": [46.9968, -120.5628]}, "geometry": {"type": "Polygon", "coordinates": [[[-120.56583998412894, 46.99612960656443], [-120.56215775856566, 46.997126493263565], [-120.56194633090193, 46.99638589493342], [-120.56583998412894, 46.99612960656443]]]}}, {"type": "Feature", "id": "pse--Kittitas", "properties": {"id": "pse", "name": "Puget Sound Energy", "type": "iou", "county": "Kittitas", "approximate": true, "center": [47.6144, -122.1923], "label_at": [46.9988, -120.563]}, "geometry": {"type": "Polygon", "coordinates": [[[-120.5633126143486, 46.99837817354966], [-120.56290501727281, 46.99924059930006], [-120.56296860702795, 46.998282054789954], [-120.5633126143486, 46.99837817354966]]]}}, {"type": "Feature", "id": "pse--Kittitas", "properties": {"id": "pse", "name": "Puget Sound Energy", "type": "iou", "county": "Kittitas", "approximate": true, "center": [47.6144, -122.1923], "label_at": [47.0011, -120.5665]}, "geometry": {"type": "Polygon", "coordinates": [[[-120.56741490335926, 46.99965258171007], [-120.56613761659669, 47.00254999120538], [-120.56623007806904, 46.999540450071436], [-120.56741490335926, 46.99965258171007]]]}}, {"type": "Feature", "id": "pse--Kittitas", "properties": {"id": "pse", "name": "Puget Sound Energy", "type": "iou", "county": "Kittitas", "approximate": true, "center": [47.6144, -122.1923], "label_at": [47.0012, -120.5701]}, "geometry": {"type": "Polygon", "coordinates": [[[-120.57141255091261, 47.002857082485725], [-120.56881523801928, 47.002979640783124], [-120.56881589453567, 46.999591364656304], [-120.57136001075351, 46.999640442433225], [-120.57141255091261, 47.002857082485725]]]}}, {"type": "Feature", "id": "pse--Kittitas", "properties": {"id": "pse", "name": "Puget Sound Energy", "type": "iou", "county": "Kittitas", "approximate": true, "center": [47.6144, -122.1923], "label_at": [47.0026, -120.5825]}, "geometry": {"type": "Polygon", "coordinates": [[[-120.58233861915329, 47.002265266854565], [-120.5830331323837, 47.002876764296566], [-120.58245531289462, 47.00298539243588], [-120.58233861915329, 47.002265266854565]]]}}, {"type": "Feature", "id": "klickitat_pud--Klickitat", "properties": {"id": "klickitat_pud", "name": "Klickitat County PUD", "type": "pud", "county": "Klickitat", "approximate": true, "center": [45.8207, -120.8217], "label_at": [45.894, -120.8217]}, "geometry": {"type": "Polygon", "coordinates": [[[-121.215779133092, 45.67123781278889], [-121.22710540540541, 45.674757040895535], [-121.22698149172206, 46.04306813325398], [-120.41630978830588, 46.04141256573353], [-120.41640513895014, 45.69850309091698], [-120.4823909099023, 45.694455887644914], [-120.50588994646559, 45.70006440117774], [-120.55946510849431, 45.73834777624221], [-120.59116603274207, 45.74654680140633], [-120.63496277776528, 45.74584708345656], [-120.66886890418154, 45.73014683318282], [-120.68938084785768, 45.71584495812411], [-120.7888650442469, 45.68624806927747], [-120.85567389419944, 45.67154476267286], [-120.87004255965941, 45.661242986989116], [-120.91584502823322, 45.64136823999757], [-120.94397706443978, 45.65644472523546], [-121.06436436424593, 45.652549182376866], [-121.08668499626907, 45.646665420420426], [-121.19511160314191, 45.629540988401885], [-121.20036720268747, 45.64982890563236], [-121.215779133092, 45.67123781278889]]]}}, {"type": "Feature", "id": "pse--Klickitat", "properties": {"id": "pse", "name": "Puget Sound Energy", "type": "iou", "county": "Klickitat", "approximate": true, "center": [47.6144, -122.1923], "label_at": [45.9383, -120.1417]}, "geometry": {"type": "Polygon", "coordinates": [[[-120.41608237289256, 45.698506832837374], [-120.41620554347601, 46.04150187115542], [-119.8662998412798, 46.04057238371905], [-119.86822487883644, 45.83596139763275], [-120.00115237231722, 45.81190079156592], [-120.14134728716537, 45.77315330254731], [-120.17045289250882, 45.7619508239892], [-120.21079501618402, 45.72594631251814], [-120.41608237289256, 45.698506832837374]]]}}, {"type": "Feature", "id": "pse--Klickitat", "properties": {"id": "pse", "name": "Puget Sound Energy", "type": "iou", "county": "Klickitat", "approximate": true, "center": [47.6144, -122.1923], "label_at": [45.9128, -121.4189]}, "geometry": {"type": "Polygon", "coordinates": [[[-121.6124976905367, 46.0436362499796], [-121.22716375455269, 46.04302566221569], [-121.22716366641417, 45.67473494762808], [-121.3121934372728, 45.69992364247757], [-121.33777001887344, 45.704948831802724], [-121.37257395628154, 45.70311077861214], [-121.40175883047608, 45.69288894034609], [-121.42360532106127, 45.693992503471094], [-121.46284875693739, 45.70136784706561], [-121.52239145445387, 45.72467804427202], [-121.608869128748, 45.78254526958696], [-121.6124976905367, 46.0436362499796]]]}}, {"type": "Feature", "id": "skamania_pud--Skamania", "properties": {"id": "skamania_pud", "name": "Skamania County PUD", "type": "pud", "county": "Skamania", "approximate": true, "center": [45.6942, -121.8835], "label_at": [45.9132, -121.9285]}, "geometry": {"type": "Polygon", "coordinates": [[[-122.18369490518808, 45.57769577656868], [-122.20171044242466, 45.56413852049725], [-122.24897567047508, 45.54794957321511], [-122.24477649530643, 46.09956095783203], [-121.52392187728123, 46.09953218751597], [-121.52402648979425, 46.04408135437687], [-121.6125018949359, 46.04383503260369], [-121.60892776251445, 45.78258012613003], [-121.52315864112039, 45.7248833542673], [-121.5331059944889, 45.72654075948326], [-121.62617698011877, 45.70591677717928], [-121.70736882940841, 45.694808699464986], [-121.7351039355767, 45.69403993432852], [-121.81130888875752, 45.70675982012846], [-121.86716687232166, 45.69327670360886], [-121.90185473795792, 45.67071587661449], [-121.90088163269898, 45.6620066700112], [-121.90828629306941, 45.654391928845214], [-121.98304558400729, 45.6228094879578], [-122.10168728850584, 45.58351357589348], [-122.11236549663924, 45.58141071402482], [-122.14074999771748, 45.58450775558511], [-122.18369490518808, 45.57769577656868]]]}}, {"type": "Feature", "id": "pse--Skamania", "properties": {"id": "pse", "name": "Puget Sound Energy", "type": "iou", "county": "Skamania", "approximate": true, "center": [47.6144, -122.1923], "label_at": [46.243, -121.8833]}, "geometry": {"type": "Polygon", "coordinates": [[[-122.24472123365248, 46.09962096029992], [-122.24097943782435, 46.386355213408955], [-121.52367999216662, 46.388205385480376], [-121.5238914024611, 46.09972871493248], [-122.24472123365248, 46.09962096029992]]]}}, {"type": "Feature", "id": "avista--Whitman", "properties": {"id": "avista", "name": "Avista Utilities", "type": "iou", "county": "Whitman", "approximate": true, "center": [47.6572, -117.4235], "label_at": [46.8527, -117.5129]}, "geometry": {"type": "Polygon", "coordinates": [[[-118.20981366263199, 46.73893718655389], [-118.01261100022748, 46.79048962744763], [-117.95885626243562, 46.91487805377104], [-117.96001888997269, 47.26043363000354], [-117.04003369293751, 47.25914924497955], [-117.0399313009015, 46.4254353374593], [-117.19904906566782, 46.41982038114328], [-117.22889808315217, 46.46232479171164], [-117.25390219098946, 46.54508186180842], [-117.47533105617485, 46.70032971947905], [-117.60123818545, 46.67268152311617], [-117.75103694225793, 46.690026752948704], [-117.85186251144277, 46.62476894061842], [-118.17255701087005, 46.55696813916059], [-118.21566359715652, 46.58895767409862], [-118.24907558304335, 46.73394088970764], [-118.20981366263199, 46.73893718655389]]]}}, {"type": "Feature", "id": "clark_pud--Clark", "properties": {"id": "clark_pud", "name": "Clark Public Utilities", "type": "pud", "county": "Clark", "approximate": true, "center": [45.6307, -122.6745], "label_at": [45.7953, -122.5259]}, "geometry": {"type": "Polygon", "coordinates": [[[-122.76953217933259, 45.7805828917748], [-122.79557988320178, 45.80997769600805], [-122.7959587407907, 45.82502321422739], [-122.78551379265436, 45.8505353312356], [-122.73896422265796, 45.91529196614411], [-122.47711446988826, 45.988081500472184], [-122.35776505871273, 45.956915252037106], [-122.26911874668463, 46.03329071373291], [-122.2691990277844, 45.54383772986044], [-122.2949147443316, 45.54354276493425], [-122.33147105053442, 45.54824054999577], [-122.35280210519767, 45.5694408108564], [-122.38030202574492, 45.57594082824462], [-122.49226957692417, 45.583282845354105], [-122.64389831910574, 45.6097374854459], [-122.67502015863127, 45.61804402889205], [-122.7381157948237, 45.64414143693662], [-122.7637946463215, 45.65713946360597], [-122.7745017221071, 45.680427703473114], [-122.77250960146277, 45.69963668257145], [-122.76010824614339, 45.73441303574065], [-122.76145125671214, 45.75916294595918], [-122.76953217933259, 45.7805828917748]]]}}, {"type": "Feature", "id": "pse--Clark", "properties": {"id": "pse", "name": "Puget Sound Energy", "type": "iou", "county": "Clark", "approximate": true, "center": [47.6144, -122.1923], "label_at": [45.7907, -122.2582]}, "geometry": {"type": "Polygon", "coordinates": [[[-122.2688924670554, 45.54381768652069], [-122.26909459459459, 46.03354151915595], [-122.24581924338499, 46.053691263813946], [-122.24899194048568, 45.547904616777004], [-122.2688924670554, 45.54381768652069]]]}}, {"type": "Feature", "id": "pse--Kitsap", "properties": {"id": "pse", "name": "Puget Sound Energy", "type": "iou", "county": "Kitsap", "approximate": true, "center": [47.6144, -122.1923], "label_at": [47.6718, -122.647]}, "geometry": {"type": "Polygon", "coordinates": [[[-122.80015023042895, 47.520164776306196], [-123.03747436109704, 47.52041824841867], [-122.95047077839742, 47.606262596686065], [-122.7832371934275, 47.672754210371245], [-122.74926952594221, 47.74091253035405], [-122.740158962962, 47.73622824665036], [-122.73301214057392, 47.73762525157833], [-122.7226862290254, 47.74882712286671], [-122.71970902505991, 47.7609746738409], [-122.7148098162015, 47.768156597149556], [-122.6905621824836, 47.77837216710613], [-122.6820141959704, 47.80088110190432], [-122.64810748952999, 47.82512210738218], [-122.62319218375647, 47.83619920603173], [-122.61458932154544, 47.850796725241864], [-122.60810933332722, 47.856711396292006], [-122.57367223441462, 47.85758223676564], [-122.57309822718793, 47.874080953029015], [-122.58633432698166, 47.90201503325376], [-122.588235202444, 47.91292288890553], [-122.59622812096785, 47.9202097719708], [-122.616705789712, 47.92516666535025], [-122.62029248011906, 47.931564475766415], [-122.61699425550901, 47.93898695074252], [-122.60389905385527, 47.94044588573235], [-122.60150675278376, 47.93172614392101], [-122.59218389109154, 47.9225192012075], [-122.54908387336505, 47.919068226305164], [-122.52762138338485, 47.90589814762546], [-122.51399043757401, 47.88080570369375], [-122.50612173818075, 47.83174511596586], [-122.50222380061616, 47.826395225960816], [-122.48253628846962, 47.815451435306315], [-122.48244133601487, 47.80926658641828], [-122.48520108072482, 47.80415365861624], [-122.49534578099843, 47.79703988442418], [-122.49545776994701, 47.78669210394838], [-122.47143509465077, 47.76598901646165], [-122.47033549628802, 47.75711992635047], [-122.47190989561801, 47.74977347211848], [-122.4773638518713, 47.7460156794009], [-122.48849110258871, 47.74360584100637], [-122.50765235809035, 47.743041655313924], [-122.51932506353427, 47.746219796774696], [-122.53731127167524, 47.74713965597406], [-122.55445368390761, 47.745703789936826], [-122.54316080251338, 47.71094116977485], [-122.53093994383892, 47.704814270402444], [-122.52585112313908, 47.705095211445915], [-122.52387858688401, 47.708037553663544], [-122.51124715258243, 47.708702942902754], [-122.50461951905866, 47.6991517212414], [-122.50445555005734, 47.685878817463], [-122.50870408754619, 47.67086036149107], [-122.51827670630291, 47.65132006980066], [-122.4932268038343, 47.63509466724617], [-122.49451026508443, 47.62365576186401], [-122.5003567468129, 47.61781591040438], [-122.49823971247856, 47.5982420799311], [-122.49393282236133, 47.588963221005336], [-122.4793413856529, 47.58371426090992], [-122.50366397182087, 47.575181546539696], [-122.51836694054535, 47.574079780412454], [-122.53466384213989, 47.56612179513468], [-122.54311777885303, 47.55632592292171], [-122.54235734836766, 47.53787169617504], [-122.54720675047727, 47.52825695681627], [-122.54661080144, 47.523550203910055], [-122.5329090091491, 47.52218422089244], [-122.52303252863312, 47.523989613229645], [-122.50056022656567, 47.51528582843246], [-122.49488193833223, 47.51026525168128], [-122.48515390245947, 47.51244491341643], [-122.53668493715274, 47.40307274338538], [-122.80132634591823, 47.40403088156398], [-122.80015023042895, 47.520164776306196]]]}}, {"type": "Feature", "id": "seattle_city_light--King", "properties": {"id": "seattle_city_light", "name": "Seattle City Light", "type": "municipal", "county": "King", "approximate": true, "center": [47.6038, -122.3301], "label_at": [47.6167, -122.3105]}, "geometry": {"type": "Polygon", "coordinates": [[[-122.40983915640662, 47.56891985234135], [-122.42086990616097, 47.57609266396798], [-122.40183911738151, 47.5839201992133], [-122.38721951931802, 47.595643766249445], [-122.37016696716078, 47.583087278205056], [-122.3582380399065, 47.58482017180507], [-122.34293717013993, 47.591220172390926], [-122.33951327504688, 47.599112987973626], [-122.34493718112263, 47.609119833887085], [-122.36781910822162, 47.62421279561153], [-122.386039035309, 47.631719766505455], [-122.39373870661298, 47.631023273201414], [-122.40421651526592, 47.63391351435779], [-122.4146271588928, 47.639757055563614], [-122.42976378127238, 47.65884623357179], [-122.40784120552657, 47.680119142137784], [-122.4038332402558, 47.68942630368517], [-122.39325442925033, 47.70159282580239], [-122.38044015200127, 47.709119146745955], [-122.37314026015449, 47.729218975048646], [-122.37532080469848, 47.73406217980003], [-122.26977573031235, 47.73371357482274], [-122.26713569145208, 47.71882010780089], [-122.25413585088569, 47.69782016472599], [-122.24393489928208, 47.69222028751581], [-122.23183632014334, 47.69006229034154], [-122.2262711887179, 47.66706991159731], [-122.2557372698234, 47.64711543258985], [-122.26353566029478, 47.624316788566354], [-122.26815989230565, 47.589532438564625], [-122.26213381437212, 47.57592116105915], [-122.24401574930157, 47.5647648036788], [-122.2413515353785, 47.56086352463246], [-122.2428319748277, 47.549330509934045], [-122.24973379095671, 47.538920939987584], [-122.2493327517485, 47.531821108592474], [-122.22461391389689, 47.509496157620916], [-122.24727833045172, 47.50964939969159], [-122.24560463613012, 47.503221779749325], [-122.24795678562027, 47.50314112652211], [-122.24878378626262, 47.50637578057875], [-122.2488427480647, 47.50299523666853], [-122.24094198085774, 47.50287014849493], [-122.24095583079055, 47.49927844534746], [-122.24954783093386, 47.49935026738912], [-122.25081412592395, 47.50283074357115], [-122.25951478446343, 47.50253678898438], [-122.25972898048992, 47.495632735434775], [-122.27014133918851, 47.495650882856694], [-122.27006922772411, 47.509662779058], [-122.27541076709286, 47.5097837600373], [-122.27563585101935, 47.50697875101073], [-122.27854422242824, 47.509812780091245], [-122.29124910096792, 47.51017688029371], [-122.29126823498247, 47.524381752804544], [-122.30092622779247, 47.52461007166909], [-122.30141619350923, 47.52938485877895], [-122.30551713936659, 47.531714784443245], [-122.31852314491111, 47.53175823666966], [-122.31755380174512, 47.52821013570125], [-122.31172495369644, 47.52648385181792], [-122.30973880487348, 47.52226235318628], [-122.31765578920199, 47.522221779957164], [-122.31790899538586, 47.518683640599235], [-122.33096556623534, 47.52098676099356], [-122.32756440851142, 47.5139391957391], [-122.33693359422534, 47.51395531679222], [-122.33749320654961, 47.51728314615378], [-122.35851917020855, 47.517365069362306], [-122.36030484818473, 47.51552828057221], [-122.3605541283327, 47.51737776091683], [-122.37139973839798, 47.517423762665345], [-122.37058976489106, 47.50371560071244], [-122.37666167490858, 47.495798207492335], [-122.38663492822384, 47.50222224038479], [-122.39649950978503, 47.515176268249135], [-122.39393830159472, 47.52482001392814], [-122.39833820965468, 47.55011992094062], [-122.40983915640662, 47.56891985234135]]]}}, {"type": "Feature", "id": "city_of_milton--King", "properties": {"id": "city_of_milton", "name": "City of Milton", "type": "municipal", "county": "King", "approximate": true, "center": [47.2481, -122.3128], "label_at": [47.2613, -122.3051]}, "geometry": {"type": "Polygon", "coordinates": [[[-122.3307866750944, 47.257591835106254], [-122.32405481744635, 47.26451768676915], [-122.31945303450755, 47.264579920087186], [-122.31647232466044, 47.26446814831416], [-122.31383076299012, 47.26090323374093], [-122.3083626577632, 47.26395311022291], [-122.29771587756446, 47.26171819147765], [-122.2920407374818, 47.25777666563141], [-122.3307866750944, 47.257591835106254]]]}}, {"type": "Feature", "id": "city_of_milton--King", "properties": {"id": "city_of_milton", "name": "City of Milton", "type": "municipal", "county": "King", "approximate": true, "center": [47.2481, -122.3128], "label_at": [47.2598, -122.3363]}, "geometry": {"type": "Polygon", "coordinates": [[[-122.34012850940789, 47.26441600696258], [-122.33488299151958, 47.263136534407565], [-122.33498200879771, 47.25788357429065], [-122.34019249327153, 47.26163341085959], [-122.34012850940789, 47.26441600696258]]]}}, {"type": "Feature", "id": "pse--King", "properties": {"id": "pse", "name": "Puget Sound Energy", "type": "iou", "county": "King", "approximate": true, "center": [47.6144, -122.1923], "label_at": [47.4321, -121.8791]}, "geometry": {"type": "Polygon", "coordinates": [[[-122.38024124840834, 47.758518929459306], [-122.39442046220984, 47.772199446073834], [-122.39626874158554, 47.77787840368788], [-122.00039715259099, 47.77528400017141], [-121.11911594770538, 47.77993244982305], [-121.06843531504632, 47.70621127664304], [-121.11363114404949, 47.59713290356021], [-121.24320684437939, 47.54033375897094], [-121.31096166225431, 47.47926761118016], [-121.42542078441684, 47.422353857913244], [-121.43265174755908, 47.29359109085173], [-121.29814064841092, 47.14828779975649], [-121.37972210339123, 47.086779203200315], [-121.79667794424785, 47.17305872931907], [-121.83918827680742, 47.14336494840739], [-122.04784836615923, 47.17163678356723], [-122.14396710097475, 47.25734673603934], [-122.29157530217765, 47.25757099501662], [-122.29795878920436, 47.26212535030627], [-122.30018708721026, 47.26089256248858], [-122.30844828394785, 47.26394712113309], [-122.31364797977022, 47.26090398021025], [-122.31638323366376, 47.26449977518275], [-122.319450516855, 47.26457996004992], [-122.3240269170498, 47.26454778796169], [-122.33116290614637, 47.25762518802249], [-122.33482723928535, 47.25762883961456], [-122.33483391034719, 47.26311267550071], [-122.34012078672451, 47.26460977631442], [-122.34054097243234, 47.26188633266216], [-122.41802438801066, 47.32050092091147], [-122.36417552107068, 47.33595086754708], [-122.3369341100605, 47.34142128856606], [-122.3248332291956, 47.34852112808857], [-122.32573419769652, 47.391520978143326], [-122.32843425471721, 47.40062085994623], [-122.33523418685384, 47.408420774469064], [-122.34803332187172, 47.41594663012194], [-122.3551351877133, 47.44192084337655], [-122.36703607005127, 47.447620812290396], [-122.38275722159798, 47.450576990555334], [-122.36803618437341, 47.45922114625086], [-122.36133626558197, 47.481420971304104], [-122.36523617830629, 47.48841983281556], [-122.37643672279692, 47.49569553067237], [-122.37059496994303, 47.503688385726484], [-122.37136843996069, 47.517278511211046], [-122.36071644482907, 47.51736956946323], [-122.36049319919724, 47.515528006973646], [-122.35833882680684, 47.51736393206601], [-122.33764510285064, 47.51727800604323], [-122.33705329003266, 47.51395411170031], [-122.3272913668097, 47.51393022259261], [-122.33065438835523, 47.520938727696624], [-122.31773022590524, 47.51868272808002], [-122.31753827438352, 47.52220720642999], [-122.30967726945464, 47.52218518469684], [-122.3117242373174, 47.52648471428694], [-122.31752306484225, 47.52821642331178], [-122.31845022436536, 47.531718809272164], [-122.30564421296191, 47.53171594290027], [-122.3014124052323, 47.529363774350806], [-122.30015531804747, 47.52575586273394], [-122.30180905478326, 47.524593186301814], [-122.29129882956241, 47.52429321497095], [-122.2913687695042, 47.51015322173045], [-122.2787058369716, 47.50982073818824], [-122.27543223060675, 47.506927293569206], [-122.27530342811633, 47.50975744542063], [-122.27012706256855, 47.50960568382303], [-122.270303763873, 47.495648231041976], [-122.25964322042964, 47.49560122080177], [-122.25934271915803, 47.502541702606045], [-122.25088442129409, 47.50282337698493], [-122.24963483746996, 47.49934322081338], [-122.24087021798846, 47.4992452257252], [-122.24081923167209, 47.50288277568766], [-122.245590444644, 47.50305498576403], [-122.24699078917969, 47.5096609522016], [-122.22443337562844, 47.50942122754618], [-122.24931643875551, 47.53181715010515], [-122.24972101255919, 47.53892697639696], [-122.24283420298661, 47.549321096524736], [-122.24134836346828, 47.56087570766184], [-122.24399084711882, 47.56475144710763], [-122.26212727392424, 47.57592683584894], [-122.26815978445185, 47.589537885181365], [-122.26353632094451, 47.62431357540628], [-122.2557581981669, 47.64707331991774], [-122.22623528362696, 47.666920126657686], [-122.2318351860875, 47.69011980141832], [-122.24392360561642, 47.69221925084925], [-122.25415165248462, 47.69784435041063], [-122.26712914230178, 47.718810328503096], [-122.26973719777118, 47.73375976293604], [-122.37540026875406, 47.7341364673015], [-122.3826271157795, 47.74911038320963], [-122.38024124840834, 47.758518929459306]]]}}, {"type": "Feature", "id": "pse--King", "properties": {"id": "pse", "name": "Puget Sound Energy", "type": "iou", "county": "King", "approximate": true, "center": [47.6144, -122.1923], "label_at": [47.5047, -122.2486]}, "geometry": {"type": "Polygon", "coordinates": [[[-122.24794661058097, 47.50621414591857], [-122.24883387882674, 47.50315632560965], [-122.24862793155233, 47.50637296013986], [-122.24794661058097, 47.50621414591857]]]}}, {"type": "Feature", "id": "pse--King", "properties": {"id": "pse", "name": "Puget Sound Energy", "type": "iou", "county": "King", "approximate": true, "center": [47.6144, -122.1923], "label_at": [47.4379, -122.4801]}, "geometry": {"type": "Polygon", "coordinates": [[[-122.52843425551846, 47.378210973536774], [-122.53840575058513, 47.390814377745684], [-122.53671470331354, 47.40299888034634], [-122.48488396804834, 47.512709427531476], [-122.4677963948853, 47.509954623174174], [-122.45261368854912, 47.50355246520943], [-122.4605027429678, 47.4947729075974], [-122.46002878451469, 47.48686111444507], [-122.43348479684019, 47.4664758530136], [-122.43983978660178, 47.45808292640457], [-122.4400829640821, 47.41765297685791], [-122.43765680443572, 47.40742415337179], [-122.42732693495405, 47.40212922543705], [-122.39505493494973, 47.39927366105001], [-122.3738210944079, 47.3886935128246], [-122.37850459604826, 47.385327335415425], [-122.40176789583445, 47.38132465193347], [-122.43780469605692, 47.36560887701166], [-122.44839874253137, 47.35498681774279], [-122.45403692645782, 47.3433376945701], [-122.46970297035487, 47.34462276092515], [-122.49123673943517, 47.335171841334414], [-122.49319442963518, 47.330256474638865], [-122.51881067438465, 47.333313475781885], [-122.5241641520887, 47.33837963620173], [-122.52811914626982, 47.345553329285416], [-122.52603027633508, 47.358907769538725], [-122.53781342864858, 47.3593673628172], [-122.52843425551846, 47.378210973536774]]]}}, {"type": "Feature", "id": "avista--Lincoln", "properties": {"id": "avista", "name": "Avista Utilities", "type": "iou", "county": "Lincoln", "approximate": true, "center": [47.6572, -117.4235], "label_at": [47.5309, -118.3997]}, "geometry": {"type": "Polygon", "coordinates": [[[-118.95430700269627, 47.940809261916776], [-118.85196218381691, 47.95767734204905], [-118.71168198048338, 47.9033472327814], [-118.57046313015239, 47.93228873127007], [-118.54408985541068, 47.88397319113303], [-118.35706516310988, 47.84159928117881], [-118.34087104005062, 47.89441222889563], [-118.21305404217792, 47.94526004578235], [-118.07821192462683, 47.800161249346345], [-117.88212199338263, 47.84714169992961], [-117.82088300316143, 47.82521966969259], [-117.82371793768213, 47.26048317119744], [-118.9794128200412, 47.26173511638991], [-118.97350317811956, 47.94336160464972], [-118.95430700269627, 47.940809261916776]]]}}, {"type": "Feature", "id": "pend_oreille_pud--Pend Oreille", "properties": {"id": "pend_oreille_pud", "name": "Pend Oreille PUD", "type": "pud", "county": "Pend Oreille", "approximate": true, "center": [48.8636, -117.3719], "label_at": [48.6993, -117.3317]}, "geometry": {"type": "Polygon", "coordinates": [[[-117.56352723131522, 48.742464231857745], [-117.5635953040309, 48.836593414857006], [-117.49857723113406, 48.83681322994964], [-117.498852372289, 48.922662699886565], [-117.43020322446672, 48.92306822548556], [-117.42943450119671, 48.99993361398358], [-117.03245718149807, 48.999164586915924], [-117.03519229143319, 48.45829981570473], [-117.50058333924765, 48.4582183585578], [-117.4996952332699, 48.65622676721893], [-117.62923766031999, 48.65600895888197], [-117.62946601335707, 48.74260916476656], [-117.56352723131522, 48.742464231857745]]]}}, {"type": "Feature", "id": "avista--Pend Oreille", "properties": {"id": "avista", "name": "Avista Utilities", "type": "iou", "county": "Pend Oreille", "approximate": true, "center": [47.6572, -117.4235], "label_at": [48.2966, -117.2696]}, "geometry": {"type": "Polygon", "coordinates": [[[-117.43752122538164, 48.13463077383431], [-117.50230934021931, 48.135025211225724], [-117.50061733105952, 48.45814947515374], [-117.03521516090697, 48.45812111439547], [-117.04174857300637, 48.045605549639696], [-117.43674396235608, 48.04720912603833], [-117.43752122538164, 48.13463077383431]]]}}, {"type": "Feature", "id": "tacoma_power--Pierce", "properties": {"id": "tacoma_power", "name": "Tacoma Power", "type": "municipal", "county": "Pierce", "approximate": true, "center": [47.2455, -122.4383], "label_at": [47.2425, -122.4688]}, "geometry": {"type": "Polygon", "coordinates": [[[-122.55927123292278, 47.24367361794798], [-122.55260008151937, 47.24798962918306], [-122.55282500051018, 47.25385146709071], [-122.52962078894052, 47.28341484769522], [-122.52871654845008, 47.29268041827033], [-122.53806875743378, 47.307036054524005], [-122.54771414857854, 47.3158840958592], [-122.54730964789043, 47.317740689339296], [-122.5402760175046, 47.31851583239071], [-122.53332992252906, 47.31661368080488], [-122.51057541455152, 47.302113714915144], [-122.51558567458353, 47.30181266941851], [-122.51568736481083, 47.294421230546504], [-122.50516824072466, 47.294356237985355], [-122.50496586951195, 47.298540105904785], [-122.47165188848209, 47.277321220720985], [-122.44482784339871, 47.266960264045636], [-122.43531500539719, 47.25564722386182], [-122.43202344544297, 47.24170881459141], [-122.43167907203086, 47.25134061904623], [-122.42619256198186, 47.251113435293206], [-122.43167771185838, 47.252252942477], [-122.4362310113747, 47.26160987491988], [-122.43306370486897, 47.26296044020855], [-122.42877260710549, 47.255631690272295], [-122.42641373939934, 47.25586231814598], [-122.43156552275883, 47.2637589350771], [-122.42706658509762, 47.261701035938735], [-122.43084879125601, 47.26595832468303], [-122.42909697606311, 47.26877617464443], [-122.41913670080906, 47.25934556846683], [-122.41616489830318, 47.25062100307826], [-122.40836468990717, 47.24621459453891], [-122.41185260553358, 47.24883735998928], [-122.41067196980907, 47.25072015970581], [-122.41226779753733, 47.2491604603504], [-122.41550053736323, 47.2519604148465], [-122.41817022002675, 47.26111138682899], [-122.42558826182541, 47.26881122803823], [-122.42224786402717, 47.267380207078446], [-122.42019540506928, 47.2703639129777], [-122.4134841938514, 47.264888507774145], [-122.41181020226648, 47.26601571123343], [-122.42019825454064, 47.27279852513821], [-122.41796502243714, 47.27594140759234], [-122.41555054892102, 47.27489499634122], [-122.4154733458416, 47.27748055554875], [-122.38261412002919, 47.25809835770569], [-122.38423364769001, 47.25606595184567], [-122.38262666626193, 47.253871287773975], [-122.37625572857489, 47.25410513376836], [-122.37615883541864, 47.257825310532674], [-122.41277385102377, 47.279512429997965], [-122.40962530142616, 47.28365355612496], [-122.40095417753595, 47.2782134912071], [-122.38259796371051, 47.27377079490783], [-122.36124454503752, 47.26074071856686], [-122.3590561525908, 47.262039609206624], [-122.38871910071317, 47.27866670949858], [-122.39403709253602, 47.27824493151434], [-122.39105383609754, 47.28082700961204], [-122.40531499699239, 47.28347310471405], [-122.41444238563581, 47.29473225576524], [-122.42562704539921, 47.29808221561141], [-122.43218065447, 47.29717250758012], [-122.43335098562977, 47.30192133253928], [-122.43061027194676, 47.301838050746916], [-122.432201809626, 47.30800235357962], [-122.43030785225947, 47.3120216692151], [-122.42770303355262, 47.31206413257109], [-122.42749765886204, 47.315273443709515], [-122.42509116905302, 47.31204372971602], [-122.41846072833324, 47.31202941025989], [-122.41453209032927, 47.31565124805773], [-122.41436057344977, 47.31210602956558], [-122.40901064071565, 47.31202298504716], [-122.40894347564469, 47.304704123559084], [-122.39700894807036, 47.30455144661656], [-122.35167553009784, 47.270297938391955], [-122.35582078237078, 47.268212977822856], [-122.35598706003259, 47.26110203280839], [-122.3505802785887, 47.262212805696464], [-122.34815891989116, 47.25812470596674], [-122.35880673051528, 47.25628129252334], [-122.35760388528877, 47.25520957973302], [-122.36048702990297, 47.25413885429227], [-122.35895302282817, 47.246211181857404], [-122.39958456549843, 47.244654468706926], [-122.39953768562003, 47.24027475454735], [-122.39223633880889, 47.23602136604127], [-122.39473712712514, 47.19187572189911], [-122.40773377716923, 47.191737774437826], [-122.40783392602964, 47.189592473100355], [-122.41025595780133, 47.18952172292168], [-122.41114943232633, 47.19173407116468], [-122.42095976922647, 47.19179976722866], [-122.42098875365446, 47.17020185771038], [-122.43403857223655, 47.17020201956513], [-122.43145551047864, 47.167606614799354], [-122.43431502121858, 47.16715295336925], [-122.43541715543465, 47.16997105853818], [-122.46405670252025, 47.17011537536274], [-122.4656325961035, 47.16683458764581], [-122.46840025375492, 47.17376147998037], [-122.463198533169, 47.17910033245896], [-122.46484633671751, 47.17962856768105], [-122.46319932836903, 47.18467667486799], [-122.50482710181109, 47.1847294430861], [-122.5049622295263, 47.19053577381066], [-122.51496767317985, 47.191890329510585], [-122.51580822651765, 47.195567273341155], [-122.5210511811406, 47.19565040497907], [-122.52123322498545, 47.19919549405597], [-122.50901379018966, 47.19923869242235], [-122.50880707356202, 47.19427772693178], [-122.50524553027039, 47.19426683119393], [-122.50523853040694, 47.20169296978888], [-122.50797384741486, 47.20309300093879], [-122.50524826043278, 47.207274214134586], [-122.50538205965981, 47.24287597554132], [-122.5400011911935, 47.24117063625421], [-122.54663879163255, 47.24267778242252], [-122.54788336398371, 47.239851836836415], [-122.54893622973623, 47.242684769696574], [-122.55147117317375, 47.242681272265806], [-122.55260140444844, 47.23529505180268], [-122.56182018741464, 47.23644188817553], [-122.55872069738254, 47.24037644754229], [-122.55268722749004, 47.242245143084645], [-122.55927123292278, 47.24367361794798]]]}}, {"type": "Feature", "id": "city_of_milton--Pierce", "properties": {"id": "city_of_milton", "name": "City of Milton", "type": "municipal", "county": "Pierce", "approximate": true, "center": [47.2481, -122.3128], "label_at": [47.2496, -122.3099]}, "geometry": {"type": "Polygon", "coordinates": [[[-122.33888738868977, 47.25185602070759], [-122.34005959574826, 47.261464742115436], [-122.33491378191592, 47.25736622490682], [-122.29495068543906, 47.25756454025152], [-122.2939094984609, 47.24288553888337], [-122.30719177374374, 47.24282576917133], [-122.30731899860724, 47.24102960947687], [-122.31414757675313, 47.23924844867389], [-122.32672558279668, 47.23806103844114], [-122.32881837607125, 47.242524241972475], [-122.32564122944322, 47.24275623658492], [-122.32550123116752, 47.25012176374157], [-122.33398981374273, 47.24903476178952], [-122.33606099726634, 47.24410461104882], [-122.33620723493523, 47.251757768949794], [-122.33888738868977, 47.25185602070759]]]}}, {"type": "Feature", "id": "town_of_eatonville--Pierce", "properties": {"id": "town_of_eatonville", "name": "Town of Eatonville", "type": "municipal", "county": "Pierce", "approximate": true, "center": [46.8683, -122.2701], "label_at": [46.8716, -122.2678]}, "geometry": {"type": "Polygon", "coordinates": [[[-122.29255037542276, 46.86620433722334], [-122.29004831014139, 46.867530979900344], [-122.28729023614851, 46.86562624046656], [-122.28206223095106, 46.869286230886786], [-122.28286084974802, 46.87871799583155], [-122.27871320460822, 46.88210208264898], [-122.27512379915521, 46.87962694818996], [-122.27657138452861, 46.8768042556417], [-122.26611077609479, 46.87391022518912], [-122.26095424211356, 46.873889237950436], [-122.26198589373658, 46.87820890454721], [-122.25359890212447, 46.87654516901575], [-122.25311169891953, 46.868457045150635], [-122.24872531762075, 46.86750729737057], [-122.24932091552066, 46.864737197192056], [-122.25591006998243, 46.860802672545354], [-122.27120566450364, 46.85749647037192], [-122.27179622838854, 46.86021477728674], [-122.27816478788215, 46.860242781908305], [-122.27847290903404, 46.856675136257884], [-122.28261423488357, 46.86387676853992], [-122.28993976964047, 46.8639187664898], [-122.28998874037684, 46.860433400000915], [-122.2925630834848, 46.86041361290036], [-122.29255037542276, 46.86620433722334]]]}}, {"type": "Feature", "id": "town_of_ruston--Pierce", "properties": {"id": "town_of_ruston", "name": "Town of Ruston", "type": "municipal", "county": "Pierce", "approximate": true, "center": [47.2995, -122.5069], "label_at": [47.2965, -122.5104]}, "geometry": {"type": "Polygon", "coordinates": [[[-122.50522731959691, 47.29853708889018], [-122.50529518976663, 47.29437248194951], [-122.5156705174179, 47.2945454116219], [-122.51546344877605, 47.30179681107016], [-122.51002580580558, 47.30175922450554], [-122.50522731959691, 47.29853708889018]]]}}, {"type": "Feature", "id": "town_of_steilacoom--Pierce", "properties": {"id": "town_of_steilacoom", "name": "Town of Steilacoom", "type": "municipal", "county": "Pierce", "approximate": true, "center": [47.1704, -122.5963], "label_at": [47.1714, -122.5938]}, "geometry": {"type": "Polygon", "coordinates": [[[-122.6174998057814, 47.15813646914755], [-122.61311325386089, 47.16892158764864], [-122.59111215418685, 47.17665819346972], [-122.58461846343717, 47.18666645901117], [-122.57958997115908, 47.1851352727967], [-122.57478430625382, 47.18767316649812], [-122.5722299350593, 47.18567936368183], [-122.57456786894964, 47.175376802141706], [-122.58090478388453, 47.17306079145089], [-122.58254277767519, 47.16983377494598], [-122.58273319832756, 47.16109049851932], [-122.60283986205008, 47.15948396157356], [-122.60299921643232, 47.15720834699199], [-122.6174998057814, 47.15813646914755]]]}}, {"type": "Feature", "id": "pse--Pierce", "properties": {"id": "pse", "name": "Puget Sound Energy", "type": "iou", "county": "Pierce", "approximate": true, "center": [47.6144, -122.1923], "label_at": [47.032, -122.0419]}, "geometry": {"type": "Polygon", "coordinates": [[[-122.57598470947288, 47.32641981647943], [-122.57123889948988, 47.31561923491363], [-122.54784906110001, 47.31635590740848], [-122.53805596525564, 47.3070196583262], [-122.52871664571052, 47.29263828126103], [-122.53106050951976, 47.280223796713976], [-122.55282818872678, 47.25385346744281], [-122.55260093120951, 47.24799032091035], [-122.55600389580401, 47.24405005967982], [-122.56018172840254, 47.24396717231858], [-122.55407385864122, 47.2426854997779], [-122.55407477890097, 47.24040496296928], [-122.55870338933268, 47.24041045483936], [-122.56210730444104, 47.23635774012399], [-122.55239853239367, 47.235290539737626], [-122.55129226484472, 47.24268079249155], [-122.54769021908697, 47.239838235029296], [-122.546466786911, 47.24267721397234], [-122.53980788060721, 47.241165138797], [-122.50540120067652, 47.24283249049604], [-122.50524874302549, 47.207274256652845], [-122.50822049796521, 47.20289021970212], [-122.50524705714763, 47.201551095179674], [-122.50525380087717, 47.194408899108765], [-122.50877439904046, 47.19436542468259], [-122.5088335288459, 47.199240468617816], [-122.52126998931189, 47.199204657958504], [-122.5210333159324, 47.19559275414677], [-122.51589584852249, 47.195534497202566], [-122.51498022523288, 47.191882716696185], [-122.50505049524178, 47.190503390883656], [-122.50498906708268, 47.184725432349516], [-122.46330390713017, 47.18465469459066], [-122.46322596248953, 47.180905565046366], [-122.46840075358067, 47.17383847921474], [-122.46577715922014, 47.16682743221128], [-122.46388193977135, 47.17011353790237], [-122.43560617787651, 47.169971231723785], [-122.43555815253214, 47.16712012799929], [-122.43145623695321, 47.16742024874931], [-122.43389308380694, 47.17016119212775], [-122.42096622515334, 47.17009822406852], [-122.42088655170225, 47.19175384389282], [-122.41131051091217, 47.19173152869744], [-122.41045266481567, 47.18951955440592], [-122.40776372023888, 47.18954942077984], [-122.40755635116311, 47.19173728482704], [-122.39459635470985, 47.19175521787496], [-122.39212467231783, 47.23609688777973], [-122.39948351831598, 47.240278991178045], [-122.39955981623078, 47.244548128018124], [-122.35880405103093, 47.24620124385733], [-122.36039855463203, 47.25414601713574], [-122.35651000251227, 47.257432446739614], [-122.348187609311, 47.25743491861087], [-122.35045683126845, 47.2622273706474], [-122.35596881697052, 47.261227428177556], [-122.35581589190367, 47.26807531251229], [-122.35293042278651, 47.269951083743706], [-122.34026759219735, 47.26166142975054], [-122.33893776079657, 47.25177022084017], [-122.33621287510175, 47.25159568784132], [-122.33605690149768, 47.243891451266094], [-122.3339335809563, 47.24901133526243], [-122.32554648942867, 47.250047305479136], [-122.32602467146722, 47.246533393807816], [-122.33521470353529, 47.243262830832464], [-122.32559592537756, 47.24630580676537], [-122.32568547067058, 47.24281625966716], [-122.32881777858687, 47.24269978082923], [-122.32884976374194, 47.2390492333384], [-122.32646921055827, 47.23786441913386], [-122.31399221482728, 47.2392452209869], [-122.30721421973664, 47.24100423069334], [-122.30703166281724, 47.24282084808364], [-122.29390222736798, 47.24274423021827], [-122.29430050074608, 47.25724671734144], [-122.14402228381648, 47.25734604845243], [-122.0479088943785, 47.17164522934169], [-121.83914805390414, 47.14335622237672], [-121.79661364403552, 47.173044625104644], [-121.37988081646519, 47.08680432601003], [-121.45649879117212, 46.92274480376986], [-121.52326967595198, 46.87327995243099], [-121.45657222838041, 46.78386309566455], [-121.75894091041255, 46.78373372637286], [-121.83266515030955, 46.729727681340485], [-122.2027024685007, 46.76262717467841], [-122.37297706717362, 46.845037823652866], [-122.49150307425565, 46.86787162758613], [-122.63740113675918, 46.977105452202814], [-122.75950023816074, 47.14121577639715], [-122.77599656874372, 47.15518743519292], [-122.79237112653105, 47.17416887054257], [-122.82141812825297, 47.19421708262999], [-122.85003476615067, 47.27288690359984], [-122.80135165801495, 47.404011496941386], [-122.53685304524708, 47.40296584726673], [-122.53842873665899, 47.39082907150886], [-122.52846980696253, 47.37818832810147], [-122.5378781848693, 47.35931666614088], [-122.55153584354629, 47.35953977185224], [-122.55585885909028, 47.347494300675315], [-122.5713043726316, 47.327267101152486], [-122.57598470947288, 47.32641981647943]], [[-122.29265976832139, 46.865752978186386], [-122.29265276479924, 46.86038122773758], [-122.28995523164643, 46.860343235919665], [-122.28981588427932, 46.863902510271394], [-122.28275734474411, 46.86386875190953], [-122.27827522220912, 46.85667322944499], [-122.27801068551132, 46.86024020670133], [-122.27191800632298, 46.86020220528391], [-122.27141075691847, 46.857366363340034], [-122.25599658935188, 46.86076873033119], [-122.24919528200188, 46.86478710927523], [-122.24870593260461, 46.86772396219498], [-122.2530143156372, 46.86839559440116], [-122.25366802777799, 46.87659275196725], [-122.26225165130592, 46.878211784253814], [-122.26106338226603, 46.87391381788603], [-122.26931546130366, 46.87464134992143], [-122.27639196133006, 46.876872205576156], [-122.27501633541752, 46.87952804653701], [-122.27870401413435, 46.88210379032192], [-122.2828647155951, 46.87870523853616], [-122.28210764738418, 46.8693593998702], [-122.28741644183769, 46.8656441231234], [-122.28987192480503, 46.86753102577468], [-122.29265976832139, 46.865752978186386]], [[-122.61769641999834, 47.15719462562328], [-122.60281883220317, 47.15720922796655], [-122.60267546216029, 47.159478369005335], [-122.58263904901649, 47.16105424420261], [-122.58252979623187, 47.1697127876351], [-122.58083280637048, 47.1730455851266], [-122.57453323547753, 47.17528623632739], [-122.5721932480115, 47.18575377401795], [-122.57474506266448, 47.18771472706046], [-122.57954781913979, 47.185144797092065], [-122.58456690070365, 47.186766755055785], [-122.59114026715562, 47.17664621818216], [-122.61313782800858, 47.16891883669197], [-122.61769641999834, 47.15719462562328]]]}}, {"type": "Feature", "id": "pse--Pierce", "properties": {"id": "pse", "name": "Puget Sound Energy", "type": "iou", "county": "Pierce", "approximate": true, "center": [47.6144, -122.1923], "label_at": [47.2724, -122.3556]}, "geometry": {"type": "Polygon", "coordinates": [[[-122.35539202869519, 47.27310599076674], [-122.35561133453339, 47.27176721762639], [-122.3556697463653, 47.273034370461254], [-122.35539202869519, 47.27310599076674]]]}}, {"type": "Feature", "id": "pse--Pierce", "properties": {"id": "pse", "name": "Puget Sound Energy", "type": "iou", "county": "Pierce", "approximate": true, "center": [47.6144, -122.1923], "label_at": [47.2681, -122.433]}, "geometry": {"type": "Polygon", "coordinates": [[[-122.44415713776748, 47.26640048916986], [-122.4296051273388, 47.26970723049408], [-122.40919935095519, 47.28855603801296], [-122.41316308962989, 47.29377645593049], [-122.4053102447552, 47.28347009999168], [-122.3911889639627, 47.2808362627965], [-122.39633377860537, 47.27892293414164], [-122.38872977446556, 47.27866596802047], [-122.35906487206256, 47.26212791684857], [-122.36127002348802, 47.260754787543426], [-122.38259761552806, 47.27377154959302], [-122.40094274415274, 47.27821178321554], [-122.40958719126826, 47.2837001110321], [-122.41278473133106, 47.279515262175636], [-122.37616087813413, 47.25782245252246], [-122.37627819230364, 47.2542113188851], [-122.38286551205016, 47.254102507932785], [-122.38421812927984, 47.25657048062279], [-122.3825867774865, 47.25808361652566], [-122.41564545422418, 47.2776289006105], [-122.41561225824982, 47.27491814160836], [-122.41799156241066, 47.275946767706024], [-122.42028309948205, 47.27282563976877], [-122.41202589675962, 47.26587139093067], [-122.41358050711375, 47.26496009208581], [-122.4201719915883, 47.27036773034494], [-122.42217170320156, 47.26743605634209], [-122.42577886157251, 47.26897357557433], [-122.41818777646954, 47.261124361415796], [-122.41550141062443, 47.25195980281192], [-122.4086356420937, 47.246217678414325], [-122.41616429031612, 47.25062161522914], [-122.41914090176438, 47.25935494821895], [-122.42914000800941, 47.268857263587975], [-122.43086453029333, 47.26596506586911], [-122.42722195638504, 47.261647477952486], [-122.43156887721858, 47.26374835421522], [-122.42657579441877, 47.25581884542762], [-122.42884429185416, 47.25572707150152], [-122.4330394301007, 47.26296290714688], [-122.43632787760436, 47.26167531340385], [-122.43172436418797, 47.25222481129358], [-122.42693087084267, 47.251237188240275], [-122.4317265382991, 47.25147522769476], [-122.43198488962925, 47.24171060432083], [-122.43530253981913, 47.25563049848711], [-122.44415713776748, 47.26640048916986]]]}}, {"type": "Feature", "id": "pse--Pierce", "properties": {"id": "pse", "name": "Puget Sound Energy", "type": "iou", "county": "Pierce", "approximate": true, "center": [47.6144, -122.1923], "label_at": [47.31, -122.4342]}, "geometry": {"type": "Polygon", "coordinates": [[[-122.43443709097546, 47.30207308671517], [-122.43194381585832, 47.30100669747863], [-122.4326138497598, 47.29719700958678], [-122.42468801041612, 47.297482908572704], [-122.43234489992815, 47.2960292371882], [-122.44459009467826, 47.30058042698871], [-122.44296157393704, 47.30636221950989], [-122.42354315613233, 47.319114409495434], [-122.41832337935953, 47.32059394196111], [-122.39746599849968, 47.30480836268637], [-122.40885659976031, 47.30473614250196], [-122.40898792808012, 47.31212836958855], [-122.41427270634567, 47.31213968315753], [-122.4143929234979, 47.315658476076464], [-122.41669608484895, 47.31567477587583], [-122.41865076088325, 47.31202981406653], [-122.42496773612436, 47.31205848229751], [-122.4274887833803, 47.31527648895591], [-122.43225071640573, 47.3079437020743], [-122.43063577064515, 47.301940403974946], [-122.43443709097546, 47.30207308671517]]]}}, {"type": "Feature", "id": "pse--Pierce", "properties": {"id": "pse", "name": "Puget Sound Energy", "type": "iou", "county": "Pierce", "approximate": true, "center": [47.6144, -122.1923], "label_at": [47.2499, -122.4112]}, "geometry": {"type": "Polygon", "coordinates": [[[-122.41073605308564, 47.249675884417435], [-122.41259070872893, 47.25022130739781], [-122.41067766694752, 47.25066092223135], [-122.41073605308564, 47.249675884417435]]]}}, {"type": "Feature", "id": "pse--Pierce", "properties": {"id": "pse", "name": "Puget Sound Energy", "type": "iou", "county": "Pierce", "approximate": true, "center": [47.6144, -122.1923], "label_at": [47.2951, -122.4161]}, "geometry": {"type": "Polygon", "coordinates": [[[-122.42174374085143, 47.296859573852636], [-122.41715658041758, 47.296014396517414], [-122.41395497826329, 47.29418790382589], [-122.42174374085143, 47.296859573852636]]]}}, {"type": "Feature", "id": "pse--Pierce", "properties": {"id": "pse", "name": "Puget Sound Energy", "type": "iou", "county": "Pierce", "approximate": true, "center": [47.6144, -122.1923], "label_at": [47.2858, -122.4855]}, "geometry": {"type": "Polygon", "coordinates": [[[-122.48419874975052, 47.284123183405676], [-122.48764021841599, 47.28750679573209], [-122.48039685394855, 47.28265636641458], [-122.48419874975052, 47.284123183405676]]]}}, {"type": "Feature", "id": "pse--Pierce", "properties": {"id": "pse", "name": "Puget Sound Energy", "type": "iou", "county": "Pierce", "approximate": true, "center": [47.6144, -122.1923], "label_at": [47.2884, -122.4894]}, "geometry": {"type": "Polygon", "coordinates": [[[-122.48899269318176, 47.28757706644068], [-122.49003675480289, 47.289032441875676], [-122.48826497966456, 47.28769670175764], [-122.48899269318176, 47.28757706644068]]]}}, {"type": "Feature", "id": "pse--Pierce", "properties": {"id": "pse", "name": "Puget Sound Energy", "type": "iou", "county": "Pierce", "approximate": true, "center": [47.6144, -122.1923], "label_at": [47.2425, -122.5529]}, "geometry": {"type": "Polygon", "coordinates": [[[-122.55296736569989, 47.2421468948026], [-122.55290104311489, 47.24270289589033], [-122.55269490438823, 47.24236801777264], [-122.55296736569989, 47.2421468948026]]]}}, {"type": "Feature", "id": "city_of_cheney--Spokane", "properties": {"id": "city_of_cheney", "name": "City of Cheney", "type": "municipal", "county": "Spokane", "approximate": true, "center": [47.4892, -117.5793], "label_at": [47.4892, -117.5725]}, "geometry": {"type": "Polygon", "coordinates": [[[-117.61153600025347, 47.46701994170261], [-117.61148365983975, 47.47156580070693], [-117.60762222281141, 47.4722501954042], [-117.6076022735483, 47.48229551882817], [-117.60206622810043, 47.48366322891903], [-117.60191975108879, 47.48561047256338], [-117.59517322991191, 47.485749222741575], [-117.59522553735668, 47.4960955211503], [-117.58654722990478, 47.49613022990479], [-117.58620510482666, 47.51194684090307], [-117.5756555895955, 47.51093931684821], [-117.57548757429727, 47.50734422697511], [-117.5701802229631, 47.5073542217974], [-117.57009601197706, 47.51359441818402], [-117.56472713774176, 47.51369243119301], [-117.5642900435745, 47.50538434420502], [-117.55639816547601, 47.50320427058372], [-117.56033385921774, 47.5003566103707], [-117.56164683563848, 47.49598215143816], [-117.55634431134882, 47.49656168581157], [-117.55625876299104, 47.49278023447268], [-117.5485858633278, 47.4926628881774], [-117.55281733908221, 47.48148000219121], [-117.56052157729718, 47.47884626177239], [-117.56992178758102, 47.48244858623167], [-117.5702975476073, 47.47774090532044], [-117.58004555974873, 47.47769440923934], [-117.58001305511574, 47.48098571445872], [-117.60733229999704, 47.465514294014085], [-117.60761823163064, 47.46747563665132], [-117.61153600025347, 47.46701994170261]]]}}, {"type": "Feature", "id": "avista--Spokane", "properties": {"id": "avista", "name": "Avista Utilities", "type": "iou", "county": "Spokane", "approximate": true, "center": [47.6572, -117.4235], "label_at": [47.6373, -117.4319]}, "geometry": {"type": "Polygon", "coordinates": [[[-117.53566121615108, 47.795111312170825], [-117.5349328229236, 48.04784054522653], [-117.04173465896908, 48.04550175423446], [-117.04265675233697, 47.76085047420305], [-117.04007741969208, 47.25933061941417], [-117.82363585283878, 47.26043676011761], [-117.82075918504397, 47.82513016481462], [-117.69907744307652, 47.85607736599918], [-117.53566121615108, 47.795111312170825]], [[-117.61154097866303, 47.46587490750372], [-117.60778395882889, 47.46736066908984], [-117.60760966662424, 47.465353166687876], [-117.58011475479739, 47.480917071044345], [-117.58027369371173, 47.47768521712397], [-117.57011404058319, 47.47774197073513], [-117.56953010672044, 47.482213722096056], [-117.56048902466294, 47.47880226543172], [-117.55277612979913, 47.481466220096735], [-117.54856823942026, 47.49278876463801], [-117.5561511611131, 47.49280427164266], [-117.55620920837089, 47.496592749118975], [-117.56164826299829, 47.49600584515675], [-117.55633930096158, 47.503136045775186], [-117.56425006012512, 47.50533490230539], [-117.56464208057449, 47.51371574453282], [-117.57013977581892, 47.513646798414946], [-117.57035676554695, 47.50735274801386], [-117.57540011108999, 47.50737716737319], [-117.57551472681332, 47.510947970970726], [-117.58632677484763, 47.511961373463556], [-117.5865707729368, 47.496236402606385], [-117.59531676061721, 47.49612976499375], [-117.59523157562184, 47.48580574880459], [-117.60205877561314, 47.48561677785769], [-117.60216759242188, 47.48368745003814], [-117.60764578116597, 47.48240474516677], [-117.6076260741253, 47.47238981216028], [-117.61151875395217, 47.47162378697134], [-117.61154097866303, 47.46587490750372]]]}}, {"type": "Feature", "id": "avista--Spokane", "properties": {"id": "avista", "name": "Avista Utilities", "type": "iou", "county": "Spokane", "approximate": true, "center": [47.6572, -117.4235], "label_at": [47.5, -117.5603]}, "geometry": {"type": "Polygon", "coordinates": [[[-117.56034522626442, 47.50013473800506], [-117.56006249126584, 47.49983832748652], [-117.56035234602653, 47.4998449937655], [-117.56034522626442, 47.50013473800506]]]}}, {"type": "Feature", "id": "pse--Thurston", "properties": {"id": "pse", "name": "Puget Sound Energy", "type": "iou", "county": "Thurston", "approximate": true, "center": [47.6144, -122.1923], "label_at": [46.9867, -122.9015]}, "geometry": {"type": "Polygon", "coordinates": [[[-123.15843921723459, 46.99623695065747], [-123.20185333525818, 47.08486159891422], [-123.07510107279236, 47.08450321625233], [-122.93682909273203, 47.19015461760706], [-122.90565890097766, 47.15561423042649], [-122.88172233404134, 47.15628485050782], [-122.82138832362244, 47.19416690934467], [-122.79237854412352, 47.17417332544274], [-122.77599689239199, 47.15518710859037], [-122.75950095654844, 47.141215101922015], [-122.63739583556178, 46.97709716394268], [-122.49150062217743, 46.867865711909815], [-122.37296935809337, 46.84503346362214], [-122.20340403464179, 46.76277502502792], [-123.16074637567371, 46.7643335994394], [-123.15843921723459, 46.99623695065747]]]}}, {"type": "Feature", "id": "wahkiakum_pud--Wahkiakum", "properties": {"id": "wahkiakum_pud", "name": "Wahkiakum County PUD", "type": "pud", "county": "Wahkiakum", "approximate": true, "center": [46.2032, -123.3832], "label_at": [46.263, -123.3414]}, "geometry": {"type": "Polygon", "coordinates": [[[-123.72427277266061, 46.301160816358], [-123.72405189753991, 46.29505231944249], [-123.72776373362288, 46.29010991769144], [-123.72590173018165, 46.3856216302842], [-123.21798027019396, 46.38511866853694], [-123.21306471236107, 46.17261868948646], [-123.28016678938079, 46.14484716431793], [-123.37142099016616, 46.14637612975653], [-123.43078784729614, 46.18180211051173], [-123.42762921954564, 46.22934791924902], [-123.44759214743138, 46.2498318259566], [-123.47484409283915, 46.267830735336915], [-123.48424962289485, 46.269530075899866], [-123.54746418924053, 46.259144780533454], [-123.54763624302447, 46.26559474784307], [-123.58163398590766, 46.2605027764422], [-123.61353019851909, 46.259988222367284], [-123.66945965080954, 46.26682694265491], [-123.67913072648344, 46.272555915937616], [-123.67806924344029, 46.28646900858848], [-123.68057420777592, 46.29602481020967], [-123.70076403465148, 46.30527773673071], [-123.72427277266061, 46.301160816358]]]}}, {"type": "Feature", "id": "pacific_power--Yakima", "properties": {"id": "pacific_power", "name": "Pacific Power (PacifiCorp)", "type": "iou", "county": "Yakima", "approximate": true, "center": [46.6016, -120.5108], "label_at": [46.5811, -120.6492]}, "geometry": {"type": "Polygon", "coordinates": [[[-121.52373842825686, 46.044047351746876], [-121.52355211326898, 46.38809115848443], [-121.38655735569496, 46.41060117729564], [-121.45116558961784, 46.533556452832435], [-121.35232030429611, 46.712365928044115], [-121.45634603921525, 46.783738611328005], [-121.52318743076859, 46.873267879151754], [-121.45650019360816, 46.92273315838738], [-121.37960640590471, 47.08675734571499], [-121.28199411084923, 47.0889311368764], [-121.08981424143295, 46.991048023053416], [-121.02648988187951, 46.91134124519385], [-120.63500588916993, 46.91197963899997], [-120.63443077554605, 46.82583122330925], [-120.50926086156558, 46.8244460657295], [-120.50961776828859, 46.73811423026042], [-119.97306392150763, 46.73716679237974], [-119.87406640180092, 46.62857014371891], [-119.86640938708696, 46.04067100361743], [-121.52373842825686, 46.044047351746876]]]}}, {"type": "Feature", "id": "city_of_cashmere--Chelan", "properties": {"id": "city_of_cashmere", "name": "Cashmere Light", "type": "municipal", "county": "Chelan", "approximate": true, "center": [47.5224, -120.469], "label_at": [47.5164, -120.4745]}, "geometry": {"type": "Polygon", "coordinates": [[[-120.48819051894073, 47.51979976456914], [-120.4828329344945, 47.518756803211794], [-120.4830196743482, 47.522529360438426], [-120.48616547425658, 47.52149570239611], [-120.48489509276862, 47.52405492557046], [-120.47556253925194, 47.52157047033994], [-120.47054387301922, 47.52505127861294], [-120.46653650338443, 47.52484620043783], [-120.45088030857427, 47.5188204707476], [-120.44684208018059, 47.513908357741705], [-120.44689336163701, 47.509983382712036], [-120.44879405232302, 47.507514277440954], [-120.45787351784827, 47.51608320096279], [-120.46288068924983, 47.51661912311166], [-120.45884036135678, 47.511698385771815], [-120.47247704539811, 47.51298486902941], [-120.47845658761182, 47.51073361819827], [-120.48057121810317, 47.51516339935923], [-120.48584419179561, 47.51524221435076], [-120.48819051894073, 47.51979976456914]], [[-120.48008922991782, 47.51880421844951], [-120.47658884564287, 47.5177165526961], [-120.47555422319046, 47.520057178917256], [-120.47882832038621, 47.52065445044252], [-120.48008922991782, 47.51880421844951]]]}}, {"type": "Feature", "id": "pse--Chelan", "properties": {"id": "pse", "name": "Puget Sound Energy", "type": "iou", "county": "Chelan", "approximate": true, "center": [47.6144, -122.1923], "label_at": [47.9287, -120.5265]}, "geometry": {"type": "Polygon", "coordinates": [[[-121.1180592702755, 47.997659981973975], [-121.15327795866887, 48.04090310071971], [-121.01541213477617, 48.075141270801], [-120.90641133152891, 48.163348044584026], [-121.00140913089612, 48.29554781759972], [-121.06989534725103, 48.31660053434256], [-121.03580795968995, 48.494708177178964], [-120.82402490042709, 48.54514821992559], [-120.70155699852904, 48.53162027441822], [-120.65183433299762, 48.53653118889365], [-120.6502107702691, 48.39755915627831], [-120.55970860676292, 48.36065988772052], [-120.3919347151469, 48.242985499517104], [-120.36249982808286, 48.16876114571283], [-120.21349293228866, 48.079061174908006], [-120.14328853422815, 48.06504399323239], [-120.06662088296012, 47.9663782300969], [-119.87049543089803, 47.9602114457748], [-119.99495437732008, 47.78137890313803], [-120.13091394909986, 47.77660073562152], [-120.20939473908322, 47.74835584536487], [-120.19906902052197, 47.68222447975727], [-120.233587323305, 47.59763220322131], [-120.29281543623415, 47.53816742905838], [-120.31808376295184, 47.45774801777616], [-120.28652985232078, 47.39311119708188], [-120.12953612214184, 47.36622506466793], [-120.08330300952397, 47.33366670199411], [-120.09448316036068, 47.262227760456256], [-120.38896688629907, 47.260892919281574], [-120.52513706813612, 47.33323884120141], [-120.91611944942001, 47.42855945798343], [-121.11355127121644, 47.597118418218464], [-121.06840927266786, 47.70623397141339], [-121.1189446074493, 47.779946429108165], [-121.07071037933214, 47.82603396457415], [-121.18013994038617, 47.89718781380881], [-121.1180592702755, 47.997659981973975]], [[-120.48868377036197, 47.520691385034645], [-120.48592768924573, 47.51521011993144], [-120.48070532986362, 47.515190717417155], [-120.47851657862164, 47.510695660730946], [-120.47227511148964, 47.512983495754234], [-120.45875083354747, 47.5116306505063], [-120.46290944101092, 47.51654958098795], [-120.45777433126463, 47.515997529281385], [-120.44874266760176, 47.50746017174104], [-120.44659589486594, 47.51084682075349], [-120.45088775506936, 47.51882591040714], [-120.46651518676418, 47.52484454112123], [-120.47053572846292, 47.52505619444453], [-120.47574897345605, 47.521598151459294], [-120.4848944478629, 47.52410262834896], [-120.4861573988823, 47.521371662693596], [-120.48370762746806, 47.52129763848623], [-120.48341519991966, 47.51875950851113], [-120.48868377036197, 47.520691385034645]]]}}, {"type": "Feature", "id": "pse--Chelan", "properties": {"id": "pse", "name": "Puget Sound Energy", "type": "iou", "county": "Chelan", "approximate": true, "center": [47.6144, -122.1923], "label_at": [47.5195, -120.4776]}, "geometry": {"type": "Polygon", "coordinates": [[[-120.4797937897001, 47.51912374694563], [-120.47871531637527, 47.5206472357686], [-120.47555690255192, 47.5198999025558], [-120.47657737679455, 47.517724987086886], [-120.4797937897001, 47.51912374694563]]]}}, {"type": "Feature", "id": "pse--Chelan", "properties": {"id": "pse", "name": "Puget Sound Energy", "type": "iou", "county": "Chelan", "approximate": true, "center": [47.6144, -122.1923], "label_at": [47.522, -120.483]}, "geometry": {"type": "Polygon", "coordinates": [[[-120.48355829195953, 47.52138844365901], [-120.48305246079362, 47.522480047634836], [-120.48235134404572, 47.521549622653225], [-120.48355829195953, 47.52138844365901]]]}}, {"type": "Feature", "id": "pse--Okanogan", "properties": {"id": "pse", "name": "Puget Sound Energy", "type": "iou", "county": "Okanogan", "approximate": true, "center": [47.6144, -122.1923], "label_at": [48.4395, -119.7471]}, "geometry": {"type": "Polygon", "coordinates": [[[-120.85053132907049, 49.000815836585716], [-118.83689911668469, 49.00018552701817], [-118.83540066626703, 48.6543311250636], [-118.86967199626292, 48.65359313850374], [-118.86953977257578, 48.48188122587047], [-118.84343990262593, 48.48148262047354], [-118.84581036951757, 47.96346690980903], [-118.85203185419257, 47.95767612889815], [-118.95427653894751, 47.94081402361053], [-118.97353986623105, 47.94359542423555], [-118.9827286934723, 47.949795016009915], [-118.98239032753763, 47.96201817129022], [-118.95548429791626, 48.02318488605848], [-119.00611908129524, 48.046163909007454], [-119.06223713199371, 48.1383778094783], [-119.1261409905664, 48.150509697086754], [-119.32544380006112, 48.09964478963849], [-119.3410882445873, 48.049547513419704], [-119.50239094903122, 48.08211574438475], [-119.62982625908246, 47.99627496603244], [-119.69351715150009, 48.03252013227872], [-119.67024135659972, 48.0697748744606], [-119.7713069917817, 48.10471271918487], [-119.89165572078998, 48.055052855035356], [-119.87047204979388, 47.96035568072833], [-120.06662006473394, 47.966401384026156], [-120.14329014313802, 48.06506076839194], [-120.21350771205677, 48.07907072439186], [-120.36244210548763, 48.168726148363774], [-120.39190119008984, 48.2429628499582], [-120.55970815109258, 48.360660723026605], [-120.65016608062275, 48.39756595767579], [-120.65174722353464, 48.536584750317566], [-120.70158295697406, 48.531708377773974], [-120.75197570566438, 48.65746456906255], [-120.6546764035603, 48.724198007749756], [-120.73370693372532, 48.78292370546784], [-120.76752820212259, 48.95438485332725], [-120.85053132907049, 49.000815836585716]]]}}, {"type": "Feature", "id": "jefferson_pud--Jefferson", "properties": {"id": "jefferson_pud", "name": "Jefferson County PUD", "type": "pud", "county": "Jefferson", "approximate": true, "center": [48.118, -122.7695], "label_at": [47.926, -122.8017]}, "geometry": {"type": "Polygon", "coordinates": [[[-122.94916722965317, 47.86682922981097], [-122.94898188198785, 48.06510552774492], [-122.9272069970851, 48.06512459490833], [-122.9186018934143, 48.05823821415175], [-122.87764099582351, 48.04702525698187], [-122.84927337076216, 48.05380813977168], [-122.85772716008987, 48.06577381387722], [-122.87825400398124, 48.07611965137097], [-122.88200469513365, 48.10074848924766], [-122.87630025670289, 48.11084309967656], [-122.83316173141614, 48.134406762792715], [-122.78409194566387, 48.1429712172954], [-122.76045368279998, 48.14319531988655], [-122.74898073166703, 48.11717468267805], [-122.77847044386736, 48.10613224336158], [-122.79290484584351, 48.09717758036786], [-122.80139871210521, 48.08756102804964], [-122.77059669357654, 48.053472121833686], [-122.77049575233623, 48.04789710898418], [-122.76664793169742, 48.04429024241215], [-122.74229017663626, 48.04932422526146], [-122.74000723982877, 48.054116060410294], [-122.73927123009408, 48.06915290735886], [-122.74829091581653, 48.07212598694236], [-122.73324513552849, 48.091232838071406], [-122.69850372397164, 48.10309133274359], [-122.68749571312767, 48.10164856872089], [-122.69163978091491, 48.096725908903565], [-122.69221897471868, 48.08707643195774], [-122.68226380918887, 48.04272308652356], [-122.67715283021035, 48.03634620582989], [-122.66895987507677, 48.03197229128571], [-122.66986770067967, 48.01728905084152], [-122.68690969456081, 48.00830971189151], [-122.70183998505428, 48.01610574786469], [-122.7233737253344, 48.00809485695344], [-122.7180817839139, 47.98773913306919], [-122.70129390845733, 47.97297922824895], [-122.68325811403103, 47.972223134553325], [-122.67882431537274, 47.96795207768447], [-122.67623534153707, 47.95872548783019], [-122.68468776901162, 47.9440489447328], [-122.68444974341634, 47.93959309730409], [-122.68191908212259, 47.9364135619285], [-122.65766732602924, 47.93107070373344], [-122.65109820506977, 47.92099398501015], [-122.65398973348107, 47.915889914304124], [-122.65508474794102, 47.90505807728818], [-122.64649385175154, 47.89477118257259], [-122.63742493900806, 47.88994525305556], [-122.61888482109481, 47.89024050062357], [-122.61062329555841, 47.88726526510673], [-122.63185682474064, 47.87481485987523], [-122.63639853828147, 47.86618035367402], [-122.65008290266448, 47.86386380211582], [-122.66641702984104, 47.86749674994975], [-122.6937596902413, 47.8680017766114], [-122.6909737535848, 47.86011815230339], [-122.68161835510102, 47.8503606404134], [-122.68374582377716, 47.838774541777866], [-122.68858131129213, 47.831461667625604], [-122.71960138011718, 47.81304149588178], [-122.73195593711363, 47.809740825987355], [-122.74806078726529, 47.80054586288999], [-122.75054015832576, 47.7739774906248], [-122.75788478690062, 47.75774394813636], [-122.75849775333631, 47.746040711155835], [-122.7492676634596, 47.740943815810574], [-122.76337877538482, 47.71264232647621], [-123.17487169932785, 47.712683480547994], [-123.17481650675748, 47.86682284907794], [-122.94916722965317, 47.86682922981097]]]}}, {"type": "Feature", "id": "pse--Jefferson", "properties": {"id": "pse", "name": "Puget Sound Energy", "type": "iou", "county": "Jefferson", "approximate": true, "center": [47.6144, -122.1923], "label_at": [47.7018, -123.5919]}, "geometry": {"type": "Polygon", "coordinates": [[[-124.58817207659062, 47.877877713934325], [-124.61011397680976, 47.880423807450185], [-123.50611708562279, 47.881079914340546], [-123.50591209065756, 47.86689699940039], [-123.17508577918697, 47.86685563022831], [-123.17490517550061, 47.71259482449939], [-122.76350832629389, 47.71237960282553], [-122.7832890810758, 47.67273446375482], [-122.95047368600207, 47.606269595412115], [-123.5043847696969, 47.60700976940025], [-123.50456058276873, 47.51761013430345], [-124.04710304431194, 47.518119995334025], [-124.35349405311995, 47.533602069278466], [-124.38221771228335, 47.63230854667346], [-124.39598315708396, 47.66553391885058], [-124.41210744712573, 47.69121021817164], [-124.42519836799696, 47.73843891887427], [-124.43054616781046, 47.74624884575415], [-124.45392709597736, 47.76533376413766], [-124.47166494857707, 47.76690618844716], [-124.47654811596992, 47.76967509685323], [-124.4821541774995, 47.797453948128755], [-124.4897372038493, 47.816987837946705], [-124.49798707855554, 47.82260481188495], [-124.51282734524486, 47.82254437534149], [-124.53991696045064, 47.83696290129324], [-124.55821902035152, 47.8559439841037], [-124.55903423884722, 47.86308488086403], [-124.56235898821204, 47.86621222682244], [-124.58817207659062, 47.877877713934325]]]}}, {"type": "Feature", "id": "pacific_pud--Pacific", "properties": {"id": "pacific_pud", "name": "Pacific County PUD No. 2", "type": "pud", "county": "Pacific", "approximate": true, "center": [46.6628, -123.8044], "label_at": [46.5256, -123.648]}, "geometry": {"type": "Polygon", "coordinates": [[[-124.06311705565514, 46.733663790811086], [-124.08099008119898, 46.73501110038829], [-124.09647318567566, 46.74616363484728], [-124.09504128728614, 46.75681690593606], [-124.09821386153865, 46.7941336047432], [-123.3991000307036, 46.79249194617865], [-123.39901832252747, 46.384488259279195], [-123.72605977868135, 46.38562577350658], [-123.72792197644193, 46.28966398455121], [-123.74147792016016, 46.29027373219914], [-123.75958937109016, 46.275067458017496], [-123.77500265135781, 46.274592253284], [-123.78265412968345, 46.2802267500781], [-123.79555118205346, 46.28449940397585], [-123.80613424640265, 46.28358841009491], [-123.84765299973861, 46.25739810729606], [-123.92786719840633, 46.25739572438185], [-123.95434299606839, 46.27699358192303], [-123.96940759849339, 46.29137946984937], [-123.97035522729698, 46.29935191177713], [-123.97451379342938, 46.3030656784043], [-123.98520807125436, 46.30904007003516], [-124.02055092918317, 46.31573674521986], [-124.02992376014247, 46.30831180596957], [-124.0387999140227, 46.283676285781326], [-124.0439843305182, 46.27598951406686], [-124.06096095347834, 46.27876074661299], [-124.08072130149417, 46.267325935074055], [-124.08172833782545, 46.27471389036893], [-124.07626813002992, 46.29647357406771], [-124.06462424789248, 46.326899051657556], [-124.05742507259883, 46.40931321152847], [-124.05702432488813, 46.49334214115383], [-124.06195275079787, 46.55616182357018], [-124.06842040663935, 46.60140722857029], [-124.06865050640985, 46.634876903825194], [-124.06267319751232, 46.64260252268308], [-124.05647486204268, 46.64564034013359], [-124.0483822658203, 46.64575330697164], [-124.03599357128904, 46.63087738247009], [-124.05270771869203, 46.62279588242916], [-124.050843483902, 46.61742527436937], [-124.02357020324247, 46.58254670273575], [-124.02601835844492, 46.53159626782928], [-124.03173669543514, 46.49637500125139], [-124.02603179822258, 46.462978211952525], [-124.0012710194732, 46.459992247934935], [-123.99061525338324, 46.46301917344383], [-123.99417287167454, 46.468923574821275], [-123.99268056542519, 46.48859656432521], [-123.98838962070728, 46.49698217321354], [-123.9837063691008, 46.49853232569066], [-123.97908645441886, 46.497328331326095], [-123.97921279617721, 46.489949052077506], [-123.96804395027728, 46.47349722170203], [-123.94366713239357, 46.47719721914631], [-123.92118940739893, 46.50772817168355], [-123.89670326282427, 46.522665131981256], [-123.89723735041653, 46.52847943027004], [-123.89425425924937, 46.537027972557546], [-123.90332114891908, 46.55190986811053], [-123.92022315706633, 46.567309427438694], [-123.92233222483172, 46.577056915864866], [-123.9288612283813, 46.58887479802025], [-123.93913913971114, 46.596325756787245], [-123.95556760769249, 46.603614081633154], [-123.95917473446316, 46.61359067391134], [-123.96062000034283, 46.6362729614084], [-123.94061612625593, 46.640862353174775], [-123.9219132107686, 46.65026217704352], [-123.92319335867522, 46.6727654497131], [-123.91557511229595, 46.678653150456256], [-123.89560109359188, 46.68367225601452], [-123.8649017207327, 46.69868427294375], [-123.85135616736709, 46.70256017920082], [-123.84621029104876, 46.71679495090371], [-123.86214906830706, 46.72774879448517], [-123.87666808061803, 46.73065653124894], [-123.89305410757507, 46.75020376961034], [-123.91071588292505, 46.74671479624502], [-123.91636759418023, 46.74132524802582], [-123.91289050735872, 46.730675454570026], [-123.9169227311824, 46.726734035763045], [-123.94865252396521, 46.72536982034016], [-123.96856401280895, 46.73610573238083], [-123.97499383343383, 46.73339081759171], [-123.97965473627472, 46.72465798787589], [-123.97515683180843, 46.71397110941868], [-123.96706090272352, 46.70530355398496], [-123.97364440390278, 46.70336156077852], [-123.99424193661686, 46.70792874248731], [-124.00354711436744, 46.702368198255996], [-124.02242768204474, 46.708981097990986], [-124.04237521678779, 46.71998444977643], [-124.04211126459259, 46.72278288141709], [-124.04639906982214, 46.72568587810628], [-124.06311705565514, 46.733663790811086]]]}}, {"type": "Feature", "id": "pse--Pacific", "properties": {"id": "pse", "name": "Puget Sound Energy", "type": "iou", "county": "Pacific", "approximate": true, "center": [47.6144, -122.1923], "label_at": [46.5884, -123.3817]}, "geometry": {"type": "Polygon", "coordinates": [[[-123.39879535530173, 46.38438122823301], [-123.3989936286616, 46.79233440794495], [-123.37094931046633, 46.79244848617693], [-123.35825374103938, 46.38441386713315], [-123.39879535530173, 46.38438122823301]]]}}, {"type": "Feature", "id": "pse--Pacific", "properties": {"id": "pse", "name": "Puget Sound Energy", "type": "iou", "county": "Pacific", "approximate": true, "center": [47.6144, -122.1923], "label_at": [46.2513, -123.8877]}, "geometry": {"type": "Polygon", "coordinates": [[[-123.90929419408126, 46.24549031648331], [-123.9273065348503, 46.257394594594594], [-123.84812399233803, 46.25719140010432], [-123.87555882206415, 46.239797111148626], [-123.90929419408126, 46.24549031648331]]]}}, {"type": "Feature", "id": "pse--San Juan", "properties": {"id": "pse", "name": "Puget Sound Energy", "type": "iou", "county": "San Juan", "approximate": true, "center": [47.6144, -122.1923], "label_at": [48.5659, -122.8809]}, "geometry": {"type": "Polygon", "coordinates": [[[-123.1849410603253, 48.58696978898874], [-123.1977835410464, 48.586244377816726], [-123.20266344379229, 48.59022248264965], [-123.20301760751418, 48.596166098856614], [-123.19571774065487, 48.60706029837968], [-123.17842933434147, 48.62210076271112], [-123.15162963403189, 48.62368499234618], [-123.13973588585154, 48.62278733859937], [-123.13564494497192, 48.620171219268144], [-123.10741873129346, 48.622442386741845], [-123.09846326126255, 48.61280218638938], [-123.10207378637922, 48.60403494445715], [-123.10155178520226, 48.597820187503956], [-123.07459576128831, 48.59180482432693], [-123.06004739728435, 48.58210910564013], [-123.04840287340458, 48.5692161741023], [-123.03366891045954, 48.56340934103972], [-123.01505037782337, 48.560821608377104], [-122.98729620484698, 48.56189522800456], [-122.98611025273424, 48.56998393526947], [-122.99502161404813, 48.578159149987755], [-123.00480002869267, 48.58078773608431], [-123.01666415402332, 48.58026057985005], [-123.03377275037582, 48.59155494943105], [-123.02490219528205, 48.59448419507622], [-123.02343325765837, 48.599476909958064], [-123.04118906765088, 48.611946749185165], [-123.04649875614113, 48.6115487700542], [-123.04860846631122, 48.62097050772907], [-123.02349511614726, 48.63400115237839], [-123.01559222586437, 48.642567108899875], [-123.0098983345922, 48.655077837683805], [-122.98888417548237, 48.667246196499775], [-122.98481721793102, 48.67270673812051], [-122.94911613114071, 48.69339815429389], [-122.94131624568352, 48.70290405218355], [-122.94224488075433, 48.70674164070363], [-122.91825181382448, 48.71350391064845], [-122.8945990544345, 48.71502879531019], [-122.87592273297382, 48.71211502664516], [-122.83312422698684, 48.69817245078196], [-122.80258698761055, 48.6827032704822], [-122.80026683412083, 48.67962023481583], [-122.74215532430686, 48.66074679572822], [-122.75503918633261, 48.64950882032008], [-122.78385453852896, 48.63542899734819], [-122.79214690782963, 48.63350180252484], [-122.80962174234355, 48.61903490906854], [-122.80886381032329, 48.615310097356364], [-122.79901027762968, 48.60465262331724], [-122.80486871129254, 48.59593195121411], [-122.80109580776126, 48.585425157445115], [-122.78657099149474, 48.57665210395872], [-122.77123907092302, 48.56245512788104], [-122.77035564795759, 48.55811695560368], [-122.77241088247803, 48.55212883536574], [-122.78261780185667, 48.54519084097679], [-122.788502710242, 48.530392967534496], [-122.7873467629061, 48.52301216937892], [-122.77750652540263, 48.51776903915547], [-122.7791379754325, 48.50892014629829], [-122.80041448528351, 48.49446789836562], [-122.81633181247713, 48.48784081512095], [-122.81791174227449, 48.483887940645786], [-122.81972974282117, 48.45884310329573], [-122.81308492650086, 48.45283140492481], [-122.80251996297986, 48.43308717594007], [-122.80355042246043, 48.42873128648343], [-122.81223073612597, 48.42233734092209], [-122.82580300848664, 48.424130820598], [-122.88376851824326, 48.418797866505976], [-122.89358257625886, 48.42270528432572], [-122.88901630106034, 48.4359468020976], [-122.9032036213189, 48.43698159101508], [-122.91388797262132, 48.443230722324095], [-122.9177938319075, 48.43978915800906], [-122.92771667881499, 48.4400198691613], [-122.91646027567477, 48.45326301395734], [-122.92009916277381, 48.4584277863752], [-122.92689661158012, 48.46087242192369], [-122.93788128287379, 48.456221902377415], [-122.96201981152977, 48.45116338923826], [-123.03911251072198, 48.45999801559106], [-123.06767509724104, 48.47949681969315], [-123.11945872280323, 48.49258143519638], [-123.14149373893466, 48.50530522364972], [-123.16321281755921, 48.52951867647933], [-123.16147021864084, 48.54761790184291], [-123.1762571375399, 48.5621432562054], [-123.17584312806258, 48.56846731416744], [-123.17195824150595, 48.57225508019648], [-123.17306123869608, 48.57908584616301], [-123.1849410603253, 48.58696978898874]]]}}, {"type": "Feature", "id": "pse--San Juan", "properties": {"id": "pse", "name": "Puget Sound Energy", "type": "iou", "county": "San Juan", "approximate": true, "center": [47.6144, -122.1923], "label_at": [48.6979, -123.032]}, "geometry": {"type": "Polygon", "coordinates": [[[-123.04705808847669, 48.69577174450973], [-123.07004771859155, 48.70010465922252], [-123.04018643892731, 48.71728759875199], [-123.02548606558199, 48.71796622393145], [-123.0196975849129, 48.72130760266593], [-123.00988706783009, 48.72228014288875], [-123.00752853611208, 48.7188876944756], [-123.00509817447177, 48.69437753063419], [-123.01447582512135, 48.68496387775905], [-123.0421298796145, 48.675754477700394], [-123.03567224233346, 48.68535007263155], [-123.03636019688521, 48.690079861472306], [-123.04705808847669, 48.69577174450973]]]}}, {"type": "Feature", "id": "pse--San Juan", "properties": {"id": "pse", "name": "Puget Sound Energy", "type": "iou", "county": "San Juan", "approximate": true, "center": [47.6144, -122.1923], "label_at": [48.6624, -123.1689]}, "geometry": {"type": "Polygon", "coordinates": [[[-123.19795711890984, 48.68466139318907], [-123.18604101839388, 48.684904388144716], [-123.14800117354707, 48.66800650648513], [-123.13096297623247, 48.65678785189383], [-123.10651123855358, 48.63355186381692], [-123.11968692421357, 48.632975875991136], [-123.13496578866366, 48.6372438825307], [-123.21589749245823, 48.66934426261804], [-123.23713633967336, 48.683566754306185], [-123.23643075152445, 48.68895074943904], [-123.21292820765733, 48.6897118330964], [-123.19795711890984, 48.68466139318907]]]}}, {"type": "Feature", "id": "snohomish_pud--Snohomish", "properties": {"id": "snohomish_pud", "name": "Snohomish PUD", "type": "pud", "county": "Snohomish", "approximate": true, "center": [47.9793, -122.2127], "label_at": [48.0398, -122.0319]}, "geometry": {"type": "Polygon", "coordinates": [[[-122.3953281930401, 48.25718715952308], [-122.3920395007797, 48.26963947231699], [-122.3716933088411, 48.28783904444417], [-122.37776806321581, 48.2975884081263], [-121.807367587002, 48.29669804040845], [-121.80734003209075, 47.7769580463389], [-122.00042433257825, 47.775284], [-122.39640339347582, 47.777969197004275], [-122.39494574856516, 47.803287330533905], [-122.39204859431142, 47.807709393324195], [-122.35326061621655, 47.84060231961174], [-122.33994415166141, 47.84671815834539], [-122.33595016485083, 47.85230609727406], [-122.32954521143633, 47.8694180321983], [-122.3335243081606, 47.880298115034236], [-122.32855073333398, 47.89790026140788], [-122.32184112783703, 47.91182298385848], [-122.31074718101753, 47.92511709713147], [-122.31114061770216, 47.93672654527008], [-122.30705527419299, 47.9490664531527], [-122.27806129199638, 47.95651335320254], [-122.24900709667382, 47.959507289629286], [-122.2300462082412, 47.970917219026184], [-122.22634627489678, 47.97641701386926], [-122.23238410253533, 47.98777476582713], [-122.23021588529232, 48.00716904855926], [-122.2249792974187, 48.01662603975914], [-122.23176118400889, 48.02987579877545], [-122.28108503121804, 48.04979605196718], [-122.32169292524179, 48.08549588952023], [-122.32611914495766, 48.09287680979318], [-122.34325211245512, 48.097652434875755], [-122.36384669666059, 48.12393718938659], [-122.36474349148511, 48.15129941155255], [-122.37022651097928, 48.16478589489798], [-122.36347924271494, 48.174438091626214], [-122.36204425790164, 48.18756786230022], [-122.37250839338351, 48.19304773443808], [-122.38209604502975, 48.20709875462843], [-122.3857032346609, 48.217810861883805], [-122.39545871033346, 48.22852003646619], [-122.39285125795176, 48.238554887631025], [-122.39871497471118, 48.2416953102871], [-122.4056621768504, 48.252115349114675], [-122.3953281930401, 48.25718715952308]]]}}, {"type": "Feature", "id": "snohomish_pud--Snohomish", "properties": {"id": "snohomish_pud", "name": "Snohomish PUD", "type": "pud", "county": "Snohomish", "approximate": true, "center": [47.9793, -122.2127], "label_at": [48.0146, -122.3226]}, "geometry": {"type": "Polygon", "coordinates": [[[-122.30656527227521, 48.004421214126054], [-122.32610287231489, 48.01029556008016], [-122.3343449299546, 48.018936985650114], [-122.32834226918352, 48.02132646158197], [-122.32171499021148, 48.01996789145049], [-122.3036741732459, 48.0057467198758], [-122.30656527227521, 48.004421214126054]]]}}, {"type": "Feature", "id": "pse--Snohomish", "properties": {"id": "pse", "name": "Puget Sound Energy", "type": "iou", "county": "Snohomish", "approximate": true, "center": [47.6144, -122.1923], "label_at": [48.0192, -121.4715]}, "geometry": {"type": "Polygon", "coordinates": [[[-121.8070947371985, 47.776884688060015], [-121.80717092569635, 48.296727811891905], [-121.00147375861951, 48.29554452540899], [-120.90650111578145, 48.16346645056605], [-121.01541417123386, 48.0751453625835], [-121.15350061974267, 48.040870873861024], [-121.11810720376204, 47.99760941261686], [-121.18021269446888, 47.89713206851183], [-121.07083194983048, 47.82602261109863], [-121.11901570096025, 47.779947123461035], [-121.8070947371985, 47.776884688060015]]]}}, {"type": "Feature", "id": "pacific_power--Walla Walla", "properties": {"id": "pacific_power", "name": "Pacific Power (PacifiCorp)", "type": "iou", "county": "Walla Walla", "approximate": true, "center": [46.6016, -120.5108], "label_at": [46.3275, -118.5004]}, "geometry": {"type": "Polygon", "coordinates": [[[-118.98093319996613, 46.14629585675799], [-119.04123048654824, 46.192970638235465], [-118.97281564771966, 46.23870672291037], [-118.7772281725025, 46.290177203287215], [-118.7461826579392, 46.35951004507578], [-118.63382622524915, 46.414022174443524], [-118.61551263089996, 46.504588019090654], [-118.45262484612088, 46.59696832193512], [-118.22911360795769, 46.59360779650714], [-118.24161074688301, 46.295072243334104], [-118.11628208557087, 46.295445873845715], [-118.11649276819772, 46.20791223073964], [-117.99134094773487, 46.20776758004823], [-117.99690718669261, 46.00096163050338], [-118.98648059519347, 45.99986117692705], [-118.94107526106235, 46.02933909130443], [-118.98093319996613, 46.14629585675799]]]}}, {"type": "Feature", "id": "city_of_blaine--Whatcom", "properties": {"id": "city_of_blaine", "name": "Blaine City Light", "type": "municipal", "county": "Whatcom", "approximate": true, "center": [48.9881, -122.7436], "label_at": [48.9705, -122.7869]}, "geometry": {"type": "Polygon", "coordinates": [[[-122.79140525435275, 48.96924476137411], [-122.80234730455886, 48.96982780530443], [-122.774302735294, 48.99101765645874], [-122.76736664637613, 48.99091342545053], [-122.76808478637932, 48.985421120369175], [-122.77885280747503, 48.98259377459997], [-122.78255668693217, 48.97711905842925], [-122.77874190229635, 48.9744390118493], [-122.77964277512822, 48.97102825096701], [-122.76526396939853, 48.97003163662181], [-122.76046406189771, 48.96299483805964], [-122.76952477235112, 48.96458675488898], [-122.76997942792296, 48.95069633561956], [-122.79228166793882, 48.9511694409751], [-122.79140525435275, 48.96924476137411]]]}}, {"type": "Feature", "id": "city_of_sumas--Whatcom", "properties": {"id": "city_of_sumas", "name": "Sumas Electric", "type": "municipal", "county": "Whatcom", "approximate": true, "center": [49.0, -122.2649], "label_at": [48.9945, -122.2697]}, "geometry": {"type": "Polygon", "coordinates": [[[-122.28547781286724, 48.999852957074985], [-122.29056716105349, 48.99986775928834], [-122.29067842943753, 49.00208053127772], [-122.25176244159697, 49.00218380215209], [-122.25169844278135, 48.999205529144604], [-122.2573987532583, 48.99701980711454], [-122.25252521030562, 48.99628244230846], [-122.25461560784957, 48.99272502002016], [-122.25294821875887, 48.9898066447997], [-122.25826879388562, 48.99124199975401], [-122.25878997033918, 48.98560965067233], [-122.26703692397852, 48.98557807509119], [-122.26593211876255, 48.98915978567406], [-122.28607919824321, 48.9892210959874], [-122.28547781286724, 48.999852957074985]]]}}, {"type": "Feature", "id": "pse--Whatcom", "properties": {"id": "pse", "name": "Puget Sound Energy", "type": "iou", "county": "Whatcom", "approximate": true, "center": [47.6144, -122.1923], "label_at": [48.8325, -121.7283]}, "geometry": {"type": "Polygon", "coordinates": [[[-122.80260365256053, 48.96966995834635], [-122.79144539595784, 48.96915220526351], [-122.79235974889963, 48.95112423309119], [-122.76992322147754, 48.95063723289014], [-122.76948083418218, 48.964510333054925], [-122.76004560592463, 48.9623835363177], [-122.76524211030133, 48.97005477493814], [-122.77953598747179, 48.97105929640861], [-122.77866631559047, 48.97441691832678], [-122.78247644162151, 48.977211320815215], [-122.77882201356128, 48.982607226488874], [-122.76801422972538, 48.985402179976965], [-122.7670804895568, 48.991012733458106], [-122.77020701949503, 48.9913286841467], [-122.75631822118682, 48.996881150757396], [-122.75763658980081, 49.00235682044293], [-122.2908935559875, 49.002204205582345], [-122.29069176751138, 48.99985123517844], [-122.28546633236209, 48.99970808202], [-122.2862467310451, 48.98921373361768], [-122.2660043400023, 48.98916465221163], [-122.2672306894385, 48.98555621541495], [-122.26377674998183, 48.98554700182626], [-122.2586032275991, 48.98561223737093], [-122.25814985377112, 48.99118327993538], [-122.25293322552801, 48.989542309838335], [-122.25445359147398, 48.992942077043494], [-122.2523373918451, 48.9963897762645], [-122.25739863970736, 48.996884806670096], [-122.2516462092331, 48.99908229415526], [-122.25142036740665, 49.00219227247221], [-121.75125099522639, 48.997399006451325], [-120.85123371865548, 49.00118998917612], [-120.76753899834137, 48.9543651338287], [-120.73370981076258, 48.78290011952253], [-120.65482080310971, 48.72419077088229], [-120.75203257257748, 48.657540734245934], [-120.91054446205568, 48.64093700184246], [-122.48868046440835, 48.64535867240071], [-122.50030924464707, 48.65617502833471], [-122.50671100382999, 48.66967723382463], [-122.51915912834143, 48.71308378313625], [-122.51551360744953, 48.720965574825456], [-122.50568412222901, 48.72452417221527], [-122.49530457197459, 48.737323595149505], [-122.49040130650656, 48.75112784849427], [-122.51092271960835, 48.75774081427717], [-122.52820211178008, 48.76842911445454], [-122.5358031109838, 48.77612776670827], [-122.56749798432553, 48.779184804764654], [-122.59684384879245, 48.77149179932499], [-122.60679487259866, 48.75913852478917], [-122.63714576015468, 48.735707854722314], [-122.6380817366373, 48.73248606906163], [-122.62628688367916, 48.720930172389316], [-122.61256388178404, 48.71491553615823], [-122.60574239101692, 48.70106453024968], [-122.60616389583814, 48.698529354874296], [-122.61517890461593, 48.69384178049463], [-122.63044943717225, 48.69664462928568], [-122.64633218031688, 48.70800948103164], [-122.67342845102188, 48.73309136565599], [-122.66694944111717, 48.748442525042066], [-122.6474432055613, 48.77399808939424], [-122.64677717578027, 48.78501076319778], [-122.65655312839426, 48.7849822164502], [-122.68024608083796, 48.80274980782347], [-122.69368296418628, 48.80447477258332], [-122.69867473900727, 48.800521902683066], [-122.69936025451182, 48.78902644949973], [-122.70312852898269, 48.78632469636056], [-122.7098102449589, 48.78627388629282], [-122.7091691818146, 48.8178289984768], [-122.7170732575431, 48.847189837986704], [-122.72268970920642, 48.85285740874405], [-122.7856481667312, 48.885061858191044], [-122.7931402792801, 48.892924825236605], [-122.79247614607849, 48.89472708977923], [-122.78374705450274, 48.8946392316133], [-122.75128914231863, 48.91123918186849], [-122.74537124407621, 48.92122702876657], [-122.74659624637502, 48.93073086885458], [-122.75562413414751, 48.9386597617219], [-122.76610029962276, 48.94195556819277], [-122.77043194455484, 48.94252774781361], [-122.78758163150711, 48.93171631807117], [-122.8215664810031, 48.94132520908331], [-122.82244707139843, 48.94493812217984], [-122.81722310776726, 48.95596789058043], [-122.80260365256053, 48.96966995834635]]]}}, {"type": "Feature", "id": "pse--Whatcom", "properties": {"id": "pse", "name": "Puget Sound Energy", "type": "iou", "county": "Whatcom", "approximate": true, "center": [47.6144, -122.1923], "label_at": [48.6942, -122.6678]}, "geometry": {"type": "Polygon", "coordinates": [[[-122.70222305921975, 48.717003755145164], [-122.71876165210936, 48.716826788518205], [-122.72196284202275, 48.72333717857151], [-122.72225366032404, 48.73164289705246], [-122.71567506516533, 48.748594200361076], [-122.7030714656538, 48.7436051877608], [-122.69591634873134, 48.73728127179095], [-122.66895928332251, 48.706657954966055], [-122.66325882115243, 48.69707722694195], [-122.64488698702412, 48.69137712636218], [-122.61825792704238, 48.67074530122373], [-122.60970359571284, 48.6451170189702], [-122.63530702514257, 48.651853488642395], [-122.6735068504518, 48.68078540669567], [-122.69179514765332, 48.71149784463829], [-122.70222305921975, 48.717003755145164]]]}}, {"type": "Feature", "id": "pse--Whatcom", "properties": {"id": "pse", "name": "Puget Sound Energy", "type": "iou", "county": "Whatcom", "approximate": true, "center": [47.6144, -122.1923], "label_at": [48.9942, -123.0592]}, "geometry": {"type": "Polygon", "coordinates": [[[-123.08449826114158, 48.98653494200089], [-123.09032953573968, 49.00196181863792], [-123.03547216688976, 49.00215002016865], [-123.02153928936633, 48.97734450312365], [-123.02810277927675, 48.973955942905455], [-123.04096701548725, 48.977304805163676], [-123.08367206432, 48.97613470527808], [-123.08449826114158, 48.98653494200089]]]}}, {"type": "Feature", "id": "pse--Skagit", "properties": {"id": "pse", "name": "Puget Sound Energy", "type": "iou", "county": "Skagit", "approximate": true, "center": [47.6144, -122.1923], "label_at": [48.4749, -121.7554]}, "geometry": {"type": "Polygon", "coordinates": [[[-122.69572471679282, 48.46478493245998], [-122.69562069130765, 48.460565460736774], [-122.70057456490112, 48.457659223654034], [-122.71036587010026, 48.46159648336164], [-122.71232288593413, 48.46418556617778], [-122.71297234414945, 48.47878780393554], [-122.70164046401635, 48.4976186350703], [-122.68459437640756, 48.50907371529152], [-122.67914612576011, 48.5077949665728], [-122.67692186307652, 48.504484229619656], [-122.6713860254303, 48.503980241064475], [-122.61520342406612, 48.52142065979251], [-122.60696967763612, 48.52215049095436], [-122.59997643233349, 48.52090725721409], [-122.59846879987823, 48.51216920782528], [-122.56802630215216, 48.508172617213305], [-122.55682916243524, 48.498801732319286], [-122.53735485908797, 48.4667492111146], [-122.52689069084464, 48.46799321869011], [-122.5150777954797, 48.46555462259206], [-122.51134788894177, 48.46182523705178], [-122.50072103281946, 48.46088727200025], [-122.46963424359743, 48.4721871284677], [-122.4737631416386, 48.47974980039991], [-122.47886500761659, 48.481777927635406], [-122.4834955062804, 48.49242027725938], [-122.48528680894009, 48.528100772289996], [-122.49846315599379, 48.55620591000517], [-122.50442812089597, 48.564774799395934], [-122.53193811779633, 48.568645694608676], [-122.53476648480603, 48.57584996338575], [-122.51237202217116, 48.57806575107355], [-122.49595737526644, 48.575930305739256], [-122.48842082576968, 48.5646651563257], [-122.48240589928635, 48.55965324413981], [-122.47843102744874, 48.55930324720866], [-122.44456012005725, 48.570115197125254], [-122.4330591839649, 48.58160912529319], [-122.42527128929481, 48.599521944009815], [-122.44870211343378, 48.62262378596872], [-122.46427200358295, 48.625734988510565], [-122.48832315434387, 48.64535648170827], [-120.91053922745382, 48.640937000920616], [-120.75213152225612, 48.65752245349942], [-120.70166684189837, 48.53185313930314], [-120.82400798851252, 48.54515281427476], [-121.03582280882192, 48.49474881713784], [-121.06994073761227, 48.316539158071386], [-121.00275167148253, 48.29554999138086], [-122.37814370772774, 48.29759094672705], [-122.40872191089318, 48.326415016713185], [-122.42410207432538, 48.33434578542652], [-122.44269449581078, 48.33794623116505], [-122.4755291258794, 48.35991172127766], [-122.50742531991445, 48.36466396273479], [-122.53342412953202, 48.38339033530043], [-122.5394491566592, 48.39718982913627], [-122.54749003664477, 48.39989242276796], [-122.554538202167, 48.40607161762807], [-122.55839169999904, 48.426746000493004], [-122.55122130827763, 48.439464942223005], [-122.55729810461597, 48.44443772855947], [-122.57525382206714, 48.4433327849954], [-122.58164112488133, 48.429233886881846], [-122.61445844527603, 48.41488941843017], [-122.64982815212721, 48.408535796650504], [-122.66532908366518, 48.41644942191652], [-122.67413440487883, 48.42470526240375], [-122.6789140480671, 48.439435724670865], [-122.6769975510331, 48.444016934203205], [-122.67408478822212, 48.44197924687951], [-122.6672490974192, 48.44250322180518], [-122.65484424674072, 48.454087085414194], [-122.65775321114428, 48.47293987385141], [-122.66462307640987, 48.47812775062192], [-122.68912084640912, 48.47684875558987], [-122.69572471679282, 48.46478493245998]]]}}, {"type": "Feature", "id": "pse--Skagit", "properties": {"id": "pse", "name": "Puget Sound Energy", "type": "iou", "county": "Skagit", "approximate": true, "center": [47.6144, -122.1923], "label_at": [48.5576, -122.6265]}, "geometry": {"type": "Polygon", "coordinates": [[[-122.65078622202448, 48.55401905156223], [-122.65237624278167, 48.58342985245074], [-122.64938127006897, 48.58843411658076], [-122.6426511848836, 48.58833625424379], [-122.6293160875563, 48.57219706157183], [-122.61083442194632, 48.5611432459442], [-122.5788997227765, 48.54815786666826], [-122.57307864267484, 48.52927439344463], [-122.59019406582661, 48.53625878718046], [-122.59994795543403, 48.53690370627512], [-122.6198581953706, 48.52924666989212], [-122.64044781206186, 48.525871124099524], [-122.6520575160363, 48.53137656704588], [-122.65433931762479, 48.537996489167774], [-122.65360950281216, 48.548964988256714], [-122.65078622202448, 48.55401905156223]]]}}, {"type": "Feature", "id": "pse--Skagit", "properties": {"id": "pse", "name": "Puget Sound Energy", "type": "iou", "county": "Skagit", "approximate": true, "center": [47.6144, -122.1923], "label_at": [48.6155, -122.6749]}, "geometry": {"type": "Polygon", "coordinates": [[[-122.69909230407926, 48.62101117931562], [-122.69800291795013, 48.62309551182892], [-122.67418386152757, 48.62990781742522], [-122.65719843230903, 48.60996481879202], [-122.66614902211191, 48.608091618132256], [-122.6767958594918, 48.610055534726996], [-122.69909230407926, 48.62101117931562]]]}}, {"type": "Feature", "id": "pse--Skagit", "properties": {"id": "pse", "name": "Puget Sound Energy", "type": "iou", "county": "Skagit", "approximate": true, "center": [47.6144, -122.1923], "label_at": [48.5789, -122.71]}, "geometry": {"type": "Polygon", "coordinates": [[[-122.73048016801023, 48.56560185933167], [-122.73941867170593, 48.57386229784909], [-122.73988223404241, 48.583954561480404], [-122.72494253369636, 48.6032449904247], [-122.71452239268758, 48.60874979215897], [-122.6946914462481, 48.596609775643856], [-122.69174477358527, 48.59061215888221], [-122.67070113641138, 48.56880812283106], [-122.68944820077353, 48.543916795025275], [-122.71726744762768, 48.53974169877569], [-122.72241378664805, 48.540691421999874], [-122.73048016801023, 48.56560185933167]]]}}, {"type": "Feature", "id": "port_angeles_city_light--Clallam", "properties": {"id": "port_angeles_city_light", "name": "Port Angeles City Light", "type": "municipal", "county": "Clallam", "approximate": true, "center": [48.1181, -123.4307], "label_at": [48.1136, -123.4404]}, "geometry": {"type": "Polygon", "coordinates": [[[-123.52530147765823, 48.1119064537577], [-123.52540210213265, 48.12593083238219], [-123.51980823261101, 48.12606522806252], [-123.52460301931454, 48.127185123354586], [-123.52060927710397, 48.13065109355558], [-123.52204914974742, 48.132651375707475], [-123.52014217037029, 48.13497683941576], [-123.50723497655343, 48.13180726647935], [-123.47338323209462, 48.13407871599365], [-123.45545778999752, 48.14004608051296], [-123.44015049824183, 48.14200294501974], [-123.44197173272369, 48.124259156856844], [-123.42466793209618, 48.11806528232482], [-123.39998658522697, 48.114865373064774], [-123.40267673599719, 48.1078932288343], [-123.39186520210825, 48.10535752450042], [-123.39168339503252, 48.09722516143858], [-123.39731951692646, 48.093986043519756], [-123.40685203502142, 48.09378122811169], [-123.40709724365709, 48.09648581727166], [-123.4102797031397, 48.097385684588566], [-123.406124526111, 48.09107732369818], [-123.41607070997178, 48.0905807444432], [-123.41958044514136, 48.092404207928176], [-123.41969921379922, 48.095977779643796], [-123.42293175127439, 48.09605877629234], [-123.42524384632314, 48.089551908048925], [-123.43417278297098, 48.08945178915875], [-123.43504084914221, 48.08363039750206], [-123.4456608733742, 48.08357590338745], [-123.44581722006676, 48.094510786567774], [-123.44808369717184, 48.094610388808846], [-123.44804422576917, 48.097735791612095], [-123.45148891709141, 48.098036008654475], [-123.45193722352023, 48.10782975020661], [-123.481697768955, 48.10270975280879], [-123.48328779071811, 48.09577620436923], [-123.49774841856666, 48.094245121152895], [-123.49619424985391, 48.101702756340096], [-123.50381951851676, 48.102704625383915], [-123.47384722452101, 48.10565320841848], [-123.47145923479658, 48.10718622421599], [-123.47153122865019, 48.112150806909476], [-123.48592734558991, 48.114498948475166], [-123.48650891882453, 48.11267644784166], [-123.49528164875571, 48.1120902318468], [-123.51175603010007, 48.11489401512332], [-123.51185867994973, 48.111959323095014], [-123.52530147765823, 48.1119064537577]]]}}, {"type": "Feature", "id": "port_angeles_city_light--Clallam", "properties": {"id": "port_angeles_city_light", "name": "Port Angeles City Light", "type": "municipal", "county": "Clallam", "approximate": true, "center": [48.1181, -123.4307], "label_at": [48.1392, -123.527]}, "geometry": {"type": "Polygon", "coordinates": [[[-123.52703982441216, 48.13879261583229], [-123.5271711301847, 48.13948339873233], [-123.5265703391539, 48.13882442144387], [-123.52703982441216, 48.13879261583229]]]}}, {"type": "Feature", "id": "pse--Clallam", "properties": {"id": "pse", "name": "Puget Sound Energy", "type": "iou", "county": "Clallam", "approximate": true, "center": [47.6144, -122.1923], "label_at": [48.1289, -124.1137]}, "geometry": {"type": "Polygon", "coordinates": [[[-124.72172522651134, 48.15318477765973], [-124.73171550736897, 48.16042958400943], [-124.73176076617986, 48.16992423115632], [-124.70415316308832, 48.184422168779165], [-124.69611114529393, 48.19859906768422], [-124.6903892715506, 48.219744918333845], [-124.70583928100164, 48.23993733951458], [-124.68467717404633, 48.2552281420377], [-124.68087726022445, 48.265350067966], [-124.67633138546302, 48.29503769911733], [-124.66590822429221, 48.299324149958245], [-124.6589402480373, 48.33105691305031], [-124.6700721539061, 48.34134073477854], [-124.69670803715849, 48.34975763764418], [-124.71381714848152, 48.366308762401424], [-124.72703176677304, 48.37112009654117], [-124.73179982595506, 48.381136297811885], [-124.71692457143045, 48.389774047005425], [-124.65326340041551, 48.39068917681853], [-124.63940007831975, 48.3855243689128], [-124.6311078986354, 48.3765222607968], [-124.59731491783762, 48.38182205587626], [-124.59072831830376, 48.37360206748047], [-124.57286397640868, 48.366228256391246], [-124.5648179670436, 48.36789282119937], [-124.53882543983642, 48.34989520917378], [-124.52544361372553, 48.349017232636], [-124.5105781346582, 48.3432343050131], [-124.41402248364818, 48.30089378971801], [-124.39559288772116, 48.28877224746267], [-124.38087398308545, 48.28469927390577], [-124.36133229721234, 48.28756731517599], [-124.34241192478979, 48.277695181688415], [-124.29918795351519, 48.268244478527166], [-124.29569288956242, 48.25928225285498], [-124.27202145066897, 48.254410915849775], [-124.25510907763332, 48.2589721598279], [-124.25079546486812, 48.2647406597642], [-124.23858240170357, 48.262469706327316], [-124.21787971385608, 48.253296975182636], [-124.14129610214712, 48.227415244054455], [-124.10194675323733, 48.216952380436254], [-124.10721470501996, 48.20008216915338], [-124.07214081654793, 48.189908928708206], [-124.0507338938719, 48.177747290296544], [-123.9810371921035, 48.16476196732742], [-123.95535543451193, 48.16545408213116], [-123.91559461136296, 48.15935243191124], [-123.88009549299134, 48.160619222106156], [-123.8666769560229, 48.15479618096748], [-123.85882100841603, 48.15427325045093], [-123.83157096452781, 48.15793618934456], [-123.77812202545309, 48.15546624664463], [-123.7563948595982, 48.161056115370485], [-123.72890549107426, 48.16278931910255], [-123.72535193720958, 48.1591911931644], [-123.71835004530523, 48.15871329902623], [-123.70272336136928, 48.16677941308778], [-123.67245829255825, 48.16271678474246], [-123.65140822828556, 48.15695137262394], [-123.63719331981257, 48.15041891046814], [-123.64110763842724, 48.14612705153051], [-123.62881892464746, 48.139279234466265], [-123.5908390181915, 48.13494920379726], [-123.5742141123431, 48.140756214104556], [-123.56058823017261, 48.150689443478136], [-123.55133677938257, 48.15136207226824], [-123.53491366994993, 48.145787762474235], [-123.52045972296679, 48.13485278429129], [-123.52066735792913, 48.130639608499585], [-123.52460078353138, 48.126993212162326], [-123.51983275336235, 48.126170632473794], [-123.52554176414817, 48.12593078758272], [-123.52547876127191, 48.11191920789784], [-123.51170483364464, 48.11197837145786], [-123.51163449030685, 48.11487879031029], [-123.50456644622976, 48.11491826113851], [-123.50444776957504, 48.1129652206464], [-123.49545478598318, 48.11208622764241], [-123.48653601294805, 48.11260831610001], [-123.4859226861348, 48.11449889689448], [-123.47156386821457, 48.112097607827614], [-123.47148192164667, 48.10732480867755], [-123.47398748431391, 48.10564396186877], [-123.50390976290221, 48.10271978712156], [-123.49624665727055, 48.101610305688716], [-123.49791475211221, 48.09422325615913], [-123.48458021918148, 48.095023232984865], [-123.48180623702595, 48.097557241682665], [-123.48156782943448, 48.10269972661115], [-123.4520941627183, 48.10780682952892], [-123.45151676289949, 48.09793321388553], [-123.44814614291094, 48.0977191054869], [-123.44812075546916, 48.094518240136544], [-123.44582497591372, 48.09437458348993], [-123.4457927992589, 48.08357223909981], [-123.43495403453241, 48.08360597753183], [-123.43411738448057, 48.0894114951618], [-123.42513225046906, 48.08952823822306], [-123.42277136017232, 48.09605199141803], [-123.4197678714069, 48.09593456775723], [-123.41961275771747, 48.092410122426564], [-123.41590621506299, 48.09055726534312], [-123.4059343787598, 48.091042175558464], [-123.41009577944278, 48.09730943357004], [-123.40714443109431, 48.09646295326382], [-123.40704512312054, 48.09377515342992], [-123.39712325970827, 48.093985215359275], [-123.39168521017405, 48.09707221491933], [-123.39182421044077, 48.105397793272914], [-123.40264203936825, 48.10800192961626], [-123.39970525275254, 48.11483516987554], [-123.36092301534956, 48.11586343905366], [-123.33270615657877, 48.11297073381303], [-123.31458373088101, 48.11372476122647], [-123.28829613971737, 48.12102317640586], [-123.28017792169847, 48.11730928329343], [-123.26891248540018, 48.11609392239211], [-123.24861501512022, 48.11574520530323], [-123.23913547725051, 48.118215312063754], [-123.2171861001814, 48.12720552472577], [-123.19151678750576, 48.143824428427614], [-123.16438126446475, 48.16590359746107], [-123.14479885838199, 48.1759339851213], [-123.13355703345842, 48.177258767317305], [-123.13246277175229, 48.17466229745024], [-123.13925776887525, 48.166479861900385], [-123.14322870786286, 48.15663313551677], [-123.1164875588902, 48.15021053453392], [-123.08515388536826, 48.12713721667031], [-123.06620539938825, 48.12045779117771], [-123.05044712434885, 48.102824210313415], [-123.0387268784174, 48.08113825641319], [-122.97939924596675, 48.095941079039314], [-122.94611903217998, 48.09855086037162], [-122.9291040269461, 48.096244438330395], [-122.91807712621016, 48.09145380960667], [-122.92664202754665, 48.074104850797106], [-122.92735609067375, 48.06517899768431], [-122.94905477015442, 48.06515076983555], [-122.94934731345835, 47.866829984535485], [-123.50571702442747, 47.86689697557551], [-123.50592191106266, 47.8810799978975], [-124.6107158471985, 47.88060702018677], [-124.63010944766411, 47.89243028092253], [-124.6297078527276, 47.896972517613], [-124.64544222237717, 47.93533786620258], [-124.67240652609841, 47.964400504877496], [-124.67083030297903, 47.9823659768787], [-124.68215802405743, 48.035991193382245], [-124.68539334043336, 48.04923787183906], [-124.68835917195248, 48.05492685000375], [-124.69368081087349, 48.05872954192059], [-124.69653900749721, 48.069274277080225], [-124.69511360063898, 48.087050912413176], [-124.68860218346201, 48.09246611873704], [-124.68710125649271, 48.098656971713105], [-124.69508812132385, 48.114877928494685], [-124.72172522651134, 48.15318477765973]]]}}, {"type": "Feature", "id": "city_of_mccleary--Grays Harbor", "properties": {"id": "city_of_mccleary", "name": "City of McCleary", "type": "municipal", "county": "Grays Harbor", "approximate": true, "center": [47.0532, -123.2654], "label_at": [47.0582, -123.2742]}, "geometry": {"type": "Polygon", "coordinates": [[[-123.28767024419815, 47.05584876757123], [-123.29358595598983, 47.05707967047363], [-123.28723123666248, 47.059227236156964], [-123.28723386195986, 47.070336061421216], [-123.27438685472814, 47.069507083301005], [-123.27350124275624, 47.066355229999765], [-123.26845201811062, 47.07377318679131], [-123.27085246747059, 47.073897431579425], [-123.27083324758595, 47.07728091032897], [-123.2656614065477, 47.07737721543932], [-123.26549108309825, 47.073752419480954], [-123.26361561033731, 47.07353713308947], [-123.26561877249246, 47.07231486510776], [-123.2653617857697, 47.062918219783455], [-123.2600718576088, 47.062814819138055], [-123.25629769774605, 47.05444492515731], [-123.26333976605653, 47.047849232094144], [-123.26047075140622, 47.04450618981823], [-123.25544461898333, 47.04434489288367], [-123.25531918086207, 47.04018050136242], [-123.26165913696872, 47.0401356772896], [-123.26285223643816, 47.045094849124915], [-123.2664242250733, 47.04407485378402], [-123.26820907987405, 47.04838576865262], [-123.28139262471684, 47.04842606659124], [-123.28155222977215, 47.05375298831855], [-123.2875539718877, 47.05270071211862], [-123.28767024419815, 47.05584876757123]], [[-123.28655577063147, 47.055563767495016], [-123.28435097177402, 47.05450919765217], [-123.28152421337076, 47.0546032159354], [-123.28150024560347, 47.055522758906875], [-123.28655577063147, 47.055563767495016]]]}}, {"type": "Feature", "id": "pse--Grays Harbor", "properties": {"id": "pse", "name": "Puget Sound Energy", "type": "iou", "county": "Grays Harbor", "approximate": true, "center": [47.6144, -122.1923], "label_at": [47.1825, -123.846]}, "geometry": {"type": "Polygon", "coordinates": [[[-124.29994314286742, 47.348359840203514], [-124.31935535687789, 47.35556982597512], [-124.32408721595823, 47.36759427305124], [-124.32665033280219, 47.388758919504454], [-124.33672259889306, 47.4159963348593], [-124.34515457914375, 47.48902635430965], [-124.35345658147178, 47.53359113670764], [-124.04710552253628, 47.51811999766737], [-123.50448062829875, 47.517586534809766], [-123.4890307854389, 47.08271622396278], [-123.20206028703174, 47.08484626696274], [-123.15844260296093, 46.99622658903773], [-123.1606021488236, 46.793508682646646], [-124.09828679734615, 46.794181178821624], [-124.10807709289807, 46.83638459048394], [-124.12297734082014, 46.87980416520712], [-124.13804269043322, 46.90558559560938], [-124.11772149057381, 46.91237576293942], [-124.11068301478362, 46.912518162570265], [-124.0934351996011, 46.90119643074217], [-124.09042166578023, 46.895472727351475], [-124.08928577865551, 46.86771615874703], [-124.07311299104512, 46.86149322853269], [-124.06105114285188, 46.86512725424905], [-124.05508519855596, 46.870429123954885], [-124.04928845829468, 46.89121593096708], [-124.04635146193095, 46.893963458002595], [-124.01366015161746, 46.903630212060996], [-124.00948253651687, 46.91034128333858], [-123.98508932860824, 46.92191176386781], [-123.95749301838036, 46.921261193634386], [-123.88288403991616, 46.93994613501762], [-123.86018042876428, 46.94855606523764], [-123.87614160195554, 46.96105731489152], [-123.89824505011445, 46.97192669594409], [-123.9392313607389, 46.96974390802876], [-123.9480017621967, 46.97182832448652], [-123.95918508258174, 46.98175876610776], [-123.991602371922, 46.98021635393622], [-124.0122158365314, 46.985180413905454], [-124.01957849627873, 46.99125110433351], [-124.00524833165673, 47.00391494783835], [-124.01698841467358, 47.01169682549314], [-124.02634514113058, 47.030186813189765], [-124.06585605221316, 47.04113966299673], [-124.12205267994753, 47.04165027277581], [-124.14152144742587, 47.03513854417399], [-124.1490428206542, 47.02929387628628], [-124.15128773589834, 47.02111200944209], [-124.13973443872125, 46.98836968092975], [-124.13803479313668, 46.97095905992658], [-124.12450523801438, 46.943916478430026], [-124.14126692876201, 46.940265823709055], [-124.15862550565153, 46.92944312355053], [-124.17994298129265, 46.92645521330141], [-124.17116235899925, 46.95843616027304], [-124.16911335881645, 46.99451387631456], [-124.17350136425671, 47.06637299007151], [-124.1838293453932, 47.124796172240046], [-124.18280225790446, 47.13404087893433], [-124.1858130698092, 47.13604631979695], [-124.18972074812473, 47.146815271811285], [-124.20901860955864, 47.21815507136126], [-124.23634917974022, 47.28728690956593], [-124.24223413097934, 47.295100859617115], [-124.25359010264637, 47.30247980387589], [-124.2712222250808, 47.30506975578551], [-124.28636822006773, 47.32516247855498], [-124.29994314286742, 47.348359840203514]], [[-123.29360946450636, 47.05710525861603], [-123.28774618034362, 47.05580462792826], [-123.28771177510296, 47.052545364234945], [-123.28163932364772, 47.05372502229725], [-123.28150869236202, 47.048412715287895], [-123.2682221671475, 47.048377529449645], [-123.26596700410332, 47.04659087544651], [-123.2665117722584, 47.042838227784756], [-123.26311274132924, 47.044283089787164], [-123.26174777015594, 47.04010222979337], [-123.25529124381697, 47.040073230643955], [-123.25538723392147, 47.044432721951296], [-123.26033006691813, 47.04448408024506], [-123.26217691521407, 47.047035021365396], [-123.25628914450006, 47.05462807165986], [-123.26001422709668, 47.06287177555962], [-123.26535093821863, 47.06303675803643], [-123.26561549438904, 47.07223565865379], [-123.26305196452905, 47.07372900716604], [-123.26546066901764, 47.07383763381526], [-123.26554082288838, 47.07739077711451], [-123.27086537701601, 47.07736697899846], [-123.2708860713201, 47.07381022396066], [-123.26855128481532, 47.073522821636416], [-123.27364583473212, 47.06636108986435], [-123.27424622460411, 47.06951676957824], [-123.28730378008841, 47.07037778408345], [-123.28725610802181, 47.05933490600629], [-123.29360946450636, 47.05710525861603]]]}}, {"type": "Feature", "id": "pse--Grays Harbor", "properties": {"id": "pse", "name": "Puget Sound Energy", "type": "iou", "county": "Grays Harbor", "approximate": true, "center": [47.6144, -122.1923], "label_at": [47.0483, -123.2631]}, "geometry": {"type": "Polygon", "coordinates": [[[-123.26290296339408, 47.04803179007007], [-123.2633364896827, 47.04816919618315], [-123.26308164977041, 47.04834631994734], [-123.26290296339408, 47.04803179007007]]]}}, {"type": "Feature", "id": "pse--Grays Harbor", "properties": {"id": "pse", "name": "Puget Sound Energy", "type": "iou", "county": "Grays Harbor", "approximate": true, "center": [47.6144, -122.1923], "label_at": [47.055, -123.2825]}, "geometry": {"type": "Polygon", "coordinates": [[[-123.28171609542781, 47.054600284870276], [-123.28616334770041, 47.05556081288717], [-123.28150587625086, 47.055336270159486], [-123.28171609542781, 47.054600284870276]]]}}]}